timestamp,scenario_name,incoming_requests,active_instances,available_capacity,utilisation,cpu_utilisation_pct,queue_depth,queue_growth,average_latency_ms,p95_latency_ms,p99_latency_ms,error_rate,scaling_action,unmet_requests,sla_target_latency_ms,sla_target_error_rate,sla_status
2025-10-01 00:00:00,EXTREME_DISASTER,4096.2,10,5000.0,0.8192,71.71,0.0,0.0,138.9,279.2,401.4,0.00061,scale_out,0.0,500.0,0.01,met
2025-10-01 00:15:00,EXTREME_DISASTER,5119.5,12,6000.0,0.8532,75.67,0.0,0.0,169.3,327.7,507.4,0.00491,none,0.0,500.0,0.01,met
2025-10-01 00:30:00,EXTREME_DISASTER,6162.1,12,6000.0,1.027,94.34,2431.5,162.1,2982.7,5572.2,9037.2,0.00627,urgent_scale_out,0.0,500.0,0.01,breached
2025-10-01 00:45:00,EXTREME_DISASTER,5856.1,19,9500.0,0.6164,50.63,0.0,-162.1,64.1,122.2,218.5,0.00095,none,0.0,500.0,0.01,met
2025-10-01 01:00:00,EXTREME_DISASTER,5680.7,19,9500.0,0.598,47.19,0.0,0.0,63.8,115.7,169.1,0.00113,none,0.0,500.0,0.01,met
2025-10-01 01:15:00,EXTREME_DISASTER,5974.9,19,9500.0,0.6289,53.53,0.0,0.0,63.6,121.5,192.9,0.00134,none,0.0,500.0,0.01,met
2025-10-01 01:30:00,EXTREME_DISASTER,6282.3,19,9500.0,0.6613,52.73,0.0,0.0,67.2,134.4,211.7,0.00116,none,0.0,500.0,0.01,met
2025-10-01 01:45:00,EXTREME_DISASTER,5143.0,19,9500.0,0.5414,42.31,0.0,0.0,55.8,105.2,176.0,0.00107,none,0.0,500.0,0.01,met
2025-10-01 02:00:00,EXTREME_DISASTER,5561.3,19,9500.0,0.5854,47.85,0.0,0.0,61.9,123.9,208.4,0.0009,none,0.0,500.0,0.01,met
2025-10-01 02:15:00,EXTREME_DISASTER,6434.0,19,9500.0,0.6773,53.48,0.0,0.0,74.2,136.1,226.9,0.00129,none,0.0,500.0,0.01,met
2025-10-01 02:30:00,EXTREME_DISASTER,5698.6,19,9500.0,0.5999,45.46,0.0,0.0,62.3,122.5,198.9,0.00124,none,0.0,500.0,0.01,met
2025-10-01 02:45:00,EXTREME_DISASTER,6405.8,19,9500.0,0.6743,53.42,0.0,0.0,79.7,153.1,266.6,0.00066,none,0.0,500.0,0.01,met
2025-10-01 03:00:00,EXTREME_DISASTER,6096.9,19,9500.0,0.6418,49.96,0.0,0.0,72.0,143.9,233.5,0.00105,none,0.0,500.0,0.01,met
2025-10-01 03:15:00,EXTREME_DISASTER,6605.3,19,9500.0,0.6953,56.56,0.0,0.0,83.4,154.3,217.4,0.00089,none,0.0,500.0,0.01,met
2025-10-01 03:30:00,EXTREME_DISASTER,6397.6,19,9500.0,0.6734,52.08,0.0,0.0,75.7,147.6,215.6,0.00113,none,0.0,500.0,0.01,met
2025-10-01 03:45:00,EXTREME_DISASTER,6591.4,19,9500.0,0.6938,56.5,0.0,0.0,79.2,157.6,243.4,0.00057,none,0.0,500.0,0.01,met
2025-10-01 04:00:00,EXTREME_DISASTER,6900.5,19,9500.0,0.7264,56.69,0.0,0.0,90.4,181.6,273.6,0.00139,none,0.0,500.0,0.01,met
2025-10-01 04:15:00,EXTREME_DISASTER,6907.8,19,9500.0,0.7271,58.72,0.0,0.0,89.2,167.8,241.4,0.0009,none,0.0,500.0,0.01,met
2025-10-01 04:30:00,EXTREME_DISASTER,6368.2,19,9500.0,0.6703,54.89,0.0,0.0,72.8,143.7,211.3,0.00057,none,0.0,500.0,0.01,met
2025-10-01 04:45:00,EXTREME_DISASTER,7348.3,19,9500.0,0.7735,65.45,0.0,0.0,110.0,218.6,357.1,0.00093,none,0.0,500.0,0.01,met
2025-10-01 05:00:00,EXTREME_DISASTER,6347.8,19,9500.0,0.6682,51.92,0.0,0.0,77.0,150.0,229.8,0.00111,none,0.0,500.0,0.01,met
2025-10-01 05:15:00,EXTREME_DISASTER,6906.1,19,9500.0,0.727,62.34,0.0,0.0,84.8,176.2,287.6,0.00059,none,0.0,500.0,0.01,met
2025-10-01 05:30:00,EXTREME_DISASTER,6904.6,19,9500.0,0.7268,60.66,0.0,0.0,83.5,162.4,278.2,0.00125,none,0.0,500.0,0.01,met
2025-10-01 05:45:00,EXTREME_DISASTER,6890.5,19,9500.0,0.7253,63.2,0.0,0.0,101.8,200.8,319.2,0.00108,none,0.0,500.0,0.01,met
2025-10-01 06:00:00,EXTREME_DISASTER,7011.6,19,9500.0,0.7381,59.2,0.0,0.0,91.1,164.6,284.8,0.00105,none,0.0,500.0,0.01,met
2025-10-01 06:15:00,EXTREME_DISASTER,7714.2,19,9500.0,0.812,69.87,0.0,0.0,121.5,243.2,367.8,0.00108,none,0.0,500.0,0.01,met
2025-10-01 06:30:00,EXTREME_DISASTER,7005.1,19,9500.0,0.7374,64.27,0.0,0.0,100.5,208.5,311.1,0.00071,none,0.0,500.0,0.01,met
2025-10-01 06:45:00,EXTREME_DISASTER,7201.5,19,9500.0,0.7581,61.9,0.0,0.0,105.6,215.7,329.3,0.00128,none,0.0,500.0,0.01,met
2025-10-01 07:00:00,EXTREME_DISASTER,6516.4,19,9500.0,0.6859,55.45,0.0,0.0,78.9,164.2,240.7,0.00086,none,0.0,500.0,0.01,met
2025-10-01 07:15:00,EXTREME_DISASTER,7030.1,19,9500.0,0.74,58.62,0.0,0.0,93.2,188.7,331.4,0.00096,none,0.0,500.0,0.01,met
2025-10-01 07:30:00,EXTREME_DISASTER,6877.5,19,9500.0,0.7239,59.6,0.0,0.0,95.6,191.0,295.9,0.00113,none,0.0,500.0,0.01,met
2025-10-01 07:45:00,EXTREME_DISASTER,7043.7,19,9500.0,0.7414,64.32,0.0,0.0,91.1,170.6,247.2,0.00152,none,0.0,500.0,0.01,met
2025-10-01 08:00:00,EXTREME_DISASTER,6758.3,19,9500.0,0.7114,57.08,0.0,0.0,92.8,191.4,283.0,0.00073,none,0.0,500.0,0.01,met
2025-10-01 08:15:00,EXTREME_DISASTER,8051.8,19,9500.0,0.8476,75.98,0.0,0.0,162.8,300.0,421.7,0.00142,scale_out,0.0,500.0,0.01,met
2025-10-01 08:30:00,EXTREME_DISASTER,6712.2,22,11000.0,0.6102,48.95,0.0,0.0,55.8,108.9,182.7,0.00063,none,0.0,500.0,0.01,met
2025-10-01 08:45:00,EXTREME_DISASTER,6384.8,22,11000.0,0.5804,45.12,0.0,0.0,63.2,127.7,185.5,0.00085,none,0.0,500.0,0.01,met
2025-10-01 09:00:00,EXTREME_DISASTER,6446.1,22,11000.0,0.586,46.39,0.0,0.0,66.1,137.9,208.9,0.00079,none,0.0,500.0,0.01,met
2025-10-01 09:15:00,EXTREME_DISASTER,7484.0,22,11000.0,0.6804,54.09,0.0,0.0,79.8,146.2,212.9,0.00107,none,0.0,500.0,0.01,met
2025-10-01 09:30:00,EXTREME_DISASTER,7934.8,22,11000.0,0.7213,63.74,0.0,0.0,91.1,185.9,295.0,0.00082,none,0.0,500.0,0.01,met
2025-10-01 09:45:00,EXTREME_DISASTER,7776.7,22,11000.0,0.707,57.51,0.0,0.0,85.3,173.9,259.6,0.00095,none,0.0,500.0,0.01,met
2025-10-01 10:00:00,EXTREME_DISASTER,7635.7,22,11000.0,0.6942,53.94,0.0,0.0,75.8,151.2,264.1,0.00056,none,0.0,500.0,0.01,met
2025-10-01 10:15:00,EXTREME_DISASTER,7118.3,22,11000.0,0.6471,54.96,0.0,0.0,61.5,125.8,181.4,0.00065,none,0.0,500.0,0.01,met
2025-10-01 10:30:00,EXTREME_DISASTER,7405.4,22,11000.0,0.6732,53.31,0.0,0.0,86.2,163.1,237.7,0.00123,none,0.0,500.0,0.01,met
2025-10-01 10:45:00,EXTREME_DISASTER,7140.1,22,11000.0,0.6491,52.58,0.0,0.0,69.4,127.4,179.4,0.00092,none,0.0,500.0,0.01,met
2025-10-01 11:00:00,EXTREME_DISASTER,7849.5,22,11000.0,0.7136,58.19,0.0,0.0,88.0,176.3,274.6,0.00111,none,0.0,500.0,0.01,met
2025-10-01 11:15:00,EXTREME_DISASTER,7028.5,22,11000.0,0.639,51.2,0.0,0.0,65.6,119.0,175.2,0.00184,none,0.0,500.0,0.01,met
2025-10-01 11:30:00,EXTREME_DISASTER,7587.0,22,11000.0,0.6897,58.32,0.0,0.0,87.2,158.3,245.3,0.00108,none,0.0,500.0,0.01,met
2025-10-01 11:45:00,EXTREME_DISASTER,7513.1,22,11000.0,0.683,52.97,0.0,0.0,83.8,174.0,250.5,0.00128,none,0.0,500.0,0.01,met
2025-10-01 12:00:00,EXTREME_DISASTER,7740.3,22,11000.0,0.7037,57.37,0.0,0.0,78.7,160.0,265.1,0.00091,none,0.0,500.0,0.01,met
2025-10-01 12:15:00,EXTREME_DISASTER,8464.3,22,11000.0,0.7695,64.59,0.0,0.0,108.5,223.1,353.6,0.00093,none,0.0,500.0,0.01,met
2025-10-01 12:30:00,EXTREME_DISASTER,7895.5,22,11000.0,0.7178,58.6,0.0,0.0,87.6,170.3,266.8,0.00152,none,0.0,500.0,0.01,met
2025-10-01 12:45:00,EXTREME_DISASTER,8030.9,22,11000.0,0.7301,56.74,0.0,0.0,93.6,179.1,299.9,0.0009,none,0.0,500.0,0.01,met
2025-10-01 13:00:00,EXTREME_DISASTER,7493.0,22,11000.0,0.6812,56.44,0.0,0.0,88.8,168.6,272.1,0.00152,none,0.0,500.0,0.01,met
2025-10-01 13:15:00,EXTREME_DISASTER,7404.1,22,11000.0,0.6731,54.51,0.0,0.0,77.5,154.2,233.7,0.0013,none,0.0,500.0,0.01,met
2025-10-01 13:30:00,EXTREME_DISASTER,7949.4,22,11000.0,0.7227,56.52,0.0,0.0,91.5,181.6,261.1,0.00155,none,0.0,500.0,0.01,met
2025-10-01 13:45:00,EXTREME_DISASTER,7119.0,22,11000.0,0.6472,52.87,0.0,0.0,65.8,137.4,236.4,0.00145,none,0.0,500.0,0.01,met
2025-10-01 14:00:00,EXTREME_DISASTER,8212.4,22,11000.0,0.7466,63.18,0.0,0.0,91.5,171.6,280.7,0.0008,none,0.0,500.0,0.01,met
2025-10-01 14:15:00,EXTREME_DISASTER,7636.8,22,11000.0,0.6943,56.01,0.0,0.0,88.3,171.2,275.5,0.00102,none,0.0,500.0,0.01,met
2025-10-01 14:30:00,EXTREME_DISASTER,7807.1,22,11000.0,0.7097,58.06,0.0,0.0,80.7,167.7,242.8,0.00053,none,0.0,500.0,0.01,met
2025-10-01 14:45:00,EXTREME_DISASTER,7518.4,22,11000.0,0.6835,56.89,0.0,0.0,84.3,171.4,286.0,0.00132,none,0.0,500.0,0.01,met
2025-10-01 15:00:00,EXTREME_DISASTER,8081.5,22,11000.0,0.7347,60.86,0.0,0.0,96.3,183.8,280.4,0.00095,none,0.0,500.0,0.01,met
2025-10-01 15:15:00,EXTREME_DISASTER,7078.2,22,11000.0,0.6435,52.05,0.0,0.0,67.8,129.9,219.8,0.00078,none,0.0,500.0,0.01,met
2025-10-01 15:30:00,EXTREME_DISASTER,7954.5,22,11000.0,0.7231,57.29,0.0,0.0,95.1,182.0,326.6,0.00126,none,0.0,500.0,0.01,met
2025-10-01 15:45:00,EXTREME_DISASTER,7526.3,22,11000.0,0.6842,56.0,0.0,0.0,92.5,184.1,266.7,0.00148,none,0.0,500.0,0.01,met
2025-10-01 16:00:00,EXTREME_DISASTER,7281.6,22,11000.0,0.662,52.27,0.0,0.0,80.8,165.5,251.3,0.00052,none,0.0,500.0,0.01,met
2025-10-01 16:15:00,EXTREME_DISASTER,7981.8,22,11000.0,0.7256,57.66,0.0,0.0,95.1,193.4,279.3,0.00031,none,0.0,500.0,0.01,met
2025-10-01 16:30:00,EXTREME_DISASTER,7665.6,22,11000.0,0.6969,55.83,0.0,0.0,83.4,152.7,274.8,0.0008,none,0.0,500.0,0.01,met
2025-10-01 16:45:00,EXTREME_DISASTER,8361.0,22,11000.0,0.7601,63.89,0.0,0.0,107.6,194.7,291.3,0.00095,none,0.0,500.0,0.01,met
2025-10-01 17:00:00,EXTREME_DISASTER,8268.2,22,11000.0,0.7517,62.94,0.0,0.0,101.2,202.0,285.7,0.00096,none,0.0,500.0,0.01,met
2025-10-01 17:15:00,EXTREME_DISASTER,7596.8,22,11000.0,0.6906,56.49,0.0,0.0,68.3,127.9,222.5,0.0008,none,0.0,500.0,0.01,met
2025-10-01 17:30:00,EXTREME_DISASTER,7605.9,22,11000.0,0.6914,56.44,0.0,0.0,81.2,163.1,283.0,0.00098,none,0.0,500.0,0.01,met
2025-10-01 17:45:00,EXTREME_DISASTER,8043.2,22,11000.0,0.7312,62.66,0.0,0.0,89.1,164.5,278.6,0.00073,none,0.0,500.0,0.01,met
2025-10-01 18:00:00,EXTREME_DISASTER,7914.5,22,11000.0,0.7195,57.75,0.0,0.0,100.1,198.6,282.4,0.00069,none,0.0,500.0,0.01,met
2025-10-01 18:15:00,EXTREME_DISASTER,7133.3,22,11000.0,0.6485,52.59,0.0,0.0,61.6,114.0,163.8,0.00084,none,0.0,500.0,0.01,met
2025-10-01 18:30:00,EXTREME_DISASTER,6966.4,22,11000.0,0.6333,49.06,0.0,0.0,68.4,136.1,221.7,0.00111,none,0.0,500.0,0.01,met
2025-10-01 18:45:00,EXTREME_DISASTER,7031.3,22,11000.0,0.6392,53.12,0.0,0.0,60.9,122.4,203.1,0.00133,none,0.0,500.0,0.01,met
2025-10-01 19:00:00,EXTREME_DISASTER,8104.5,22,11000.0,0.7368,61.42,0.0,0.0,96.3,187.1,270.9,0.00102,none,0.0,500.0,0.01,met
2025-10-01 19:15:00,EXTREME_DISASTER,8341.2,22,11000.0,0.7583,63.7,0.0,0.0,102.4,203.2,336.1,0.00109,none,0.0,500.0,0.01,met
2025-10-01 19:30:00,EXTREME_DISASTER,8105.0,22,11000.0,0.7368,59.0,0.0,0.0,79.9,151.3,214.0,0.00091,none,0.0,500.0,0.01,met
2025-10-01 19:45:00,EXTREME_DISASTER,7445.5,22,11000.0,0.6769,57.05,0.0,0.0,75.9,149.5,251.3,0.00091,none,0.0,500.0,0.01,met
2025-10-01 20:00:00,EXTREME_DISASTER,7773.9,22,11000.0,0.7067,57.22,0.0,0.0,85.4,167.8,263.9,0.001,none,0.0,500.0,0.01,met
2025-10-01 20:15:00,EXTREME_DISASTER,8232.8,22,11000.0,0.7484,67.33,0.0,0.0,107.2,221.5,391.7,0.00098,none,0.0,500.0,0.01,met
2025-10-01 20:30:00,EXTREME_DISASTER,7386.3,22,11000.0,0.6715,53.46,0.0,0.0,75.9,155.7,248.8,0.00118,none,0.0,500.0,0.01,met
2025-10-01 20:45:00,EXTREME_DISASTER,7450.4,22,11000.0,0.6773,55.18,0.0,0.0,82.6,155.6,238.6,0.00091,none,0.0,500.0,0.01,met
2025-10-01 21:00:00,EXTREME_DISASTER,7298.8,22,11000.0,0.6635,54.49,0.0,0.0,67.1,137.5,239.6,0.00141,none,0.0,500.0,0.01,met
2025-10-01 21:15:00,EXTREME_DISASTER,7142.5,22,11000.0,0.6493,53.29,0.0,0.0,61.6,117.7,209.9,0.00173,none,0.0,500.0,0.01,met
2025-10-01 21:30:00,EXTREME_DISASTER,7335.9,22,11000.0,0.6669,54.0,0.0,0.0,75.7,152.3,236.8,0.00103,none,0.0,500.0,0.01,met
2025-10-01 21:45:00,EXTREME_DISASTER,6511.8,22,11000.0,0.592,47.23,0.0,0.0,65.4,120.9,177.3,0.00127,none,0.0,500.0,0.01,met
2025-10-01 22:00:00,EXTREME_DISASTER,6706.3,22,11000.0,0.6097,51.22,0.0,0.0,56.7,118.9,173.2,0.00142,none,0.0,500.0,0.01,met
2025-10-01 22:15:00,EXTREME_DISASTER,6188.5,22,11000.0,0.5626,44.34,0.0,0.0,62.2,120.0,190.5,0.00089,none,0.0,500.0,0.01,met
2025-10-01 22:30:00,EXTREME_DISASTER,7062.5,22,11000.0,0.642,49.95,0.0,0.0,70.8,132.3,200.7,0.00084,none,0.0,500.0,0.01,met
2025-10-01 22:45:00,EXTREME_DISASTER,7151.8,22,11000.0,0.6502,53.73,0.0,0.0,60.3,113.0,196.3,0.00107,none,0.0,500.0,0.01,met
2025-10-01 23:00:00,EXTREME_DISASTER,6510.1,22,11000.0,0.5918,47.08,0.0,0.0,59.7,108.5,167.8,0.00121,none,0.0,500.0,0.01,met
2025-10-01 23:15:00,EXTREME_DISASTER,6420.8,22,11000.0,0.5837,47.69,0.0,0.0,64.0,129.9,226.1,0.00097,none,0.0,500.0,0.01,met
2025-10-01 23:30:00,EXTREME_DISASTER,6478.1,22,11000.0,0.5889,46.65,0.0,0.0,53.4,101.6,162.5,0.00085,none,0.0,500.0,0.01,met
2025-10-01 23:45:00,EXTREME_DISASTER,5631.3,22,11000.0,0.5119,39.62,0.0,0.0,52.7,104.8,154.2,0.00127,none,0.0,500.0,0.01,met
2025-10-02 00:00:00,EXTREME_DISASTER,5698.6,22,11000.0,0.5181,42.55,0.0,0.0,48.1,93.1,141.8,0.00057,none,0.0,500.0,0.01,met
2025-10-02 00:15:00,EXTREME_DISASTER,5425.5,22,11000.0,0.4932,39.36,0.0,0.0,45.6,90.8,162.8,0.0014,none,0.0,500.0,0.01,met
2025-10-02 00:30:00,EXTREME_DISASTER,5264.6,22,11000.0,0.4786,40.16,0.0,0.0,49.0,98.8,176.4,0.00091,none,0.0,500.0,0.01,met
2025-10-02 00:45:00,EXTREME_DISASTER,5370.0,22,11000.0,0.4882,37.45,0.0,0.0,61.0,117.8,191.0,0.00107,none,0.0,500.0,0.01,met
2025-10-02 01:00:00,EXTREME_DISASTER,5431.1,22,11000.0,0.4937,41.92,0.0,0.0,47.0,94.9,161.3,0.00087,none,0.0,500.0,0.01,met
2025-10-02 01:15:00,EXTREME_DISASTER,6018.9,22,11000.0,0.5472,41.3,0.0,0.0,49.2,95.9,172.1,0.00107,none,0.0,500.0,0.01,met
2025-10-02 01:30:00,EXTREME_DISASTER,5751.0,22,11000.0,0.5228,39.16,0.0,0.0,51.0,93.2,151.2,0.00081,none,0.0,500.0,0.01,met
2025-10-02 01:45:00,EXTREME_DISASTER,5136.3,22,11000.0,0.4669,38.17,0.0,0.0,51.4,98.3,139.5,0.00069,none,0.0,500.0,0.01,met
2025-10-02 02:00:00,EXTREME_DISASTER,4940.9,22,11000.0,0.4492,36.29,0.0,0.0,43.3,89.3,151.4,0.00121,none,0.0,500.0,0.01,met
2025-10-02 02:15:00,EXTREME_DISASTER,4167.5,22,11000.0,0.3789,30.67,0.0,0.0,45.7,93.9,131.6,0.00108,none,0.0,500.0,0.01,met
2025-10-02 02:30:00,EXTREME_DISASTER,4276.2,22,11000.0,0.3887,30.17,0.0,0.0,39.6,82.0,136.8,0.00069,none,0.0,500.0,0.01,met
2025-10-02 02:45:00,EXTREME_DISASTER,3912.7,22,11000.0,0.3557,24.84,0.0,0.0,56.4,106.5,174.2,0.00091,none,0.0,500.0,0.01,met
2025-10-02 03:00:00,EXTREME_DISASTER,3645.6,22,11000.0,0.3314,26.08,0.0,0.0,31.3,57.1,87.7,0.00055,none,0.0,500.0,0.01,met
2025-10-02 03:15:00,EXTREME_DISASTER,3504.7,22,11000.0,0.3186,26.54,0.0,0.0,43.7,84.0,122.2,0.00118,scale_in,0.0,500.0,0.01,met
2025-10-02 03:30:00,EXTREME_DISASTER,3401.5,20,10000.0,0.3402,24.62,0.0,0.0,36.4,71.0,103.2,0.0015,none,0.0,500.0,0.01,met
2025-10-02 03:45:00,EXTREME_DISASTER,3397.1,20,10000.0,0.3397,25.52,0.0,0.0,41.2,79.8,132.0,0.00136,none,0.0,500.0,0.01,met
2025-10-02 04:00:00,EXTREME_DISASTER,2954.0,20,10000.0,0.2954,23.15,0.0,0.0,30.3,59.5,90.1,0.00098,none,0.0,500.0,0.01,met
2025-10-02 04:15:00,EXTREME_DISASTER,2977.4,20,10000.0,0.2977,21.26,0.0,0.0,33.2,65.0,110.3,0.00124,none,0.0,500.0,0.01,met
2025-10-02 04:30:00,EXTREME_DISASTER,2784.0,20,10000.0,0.2784,22.68,0.0,0.0,25.9,49.2,71.9,0.00171,scale_in,0.0,500.0,0.01,met
2025-10-02 04:45:00,EXTREME_DISASTER,2678.6,18,9000.0,0.2976,24.44,0.0,0.0,35.9,69.4,110.4,0.00138,none,0.0,500.0,0.01,met
2025-10-02 05:00:00,EXTREME_DISASTER,2702.9,18,9000.0,0.3003,23.24,0.0,0.0,32.0,63.1,90.9,0.00086,none,0.0,500.0,0.01,met
2025-10-02 05:15:00,EXTREME_DISASTER,2545.1,18,9000.0,0.2828,21.99,0.0,0.0,34.6,62.6,111.7,0.00075,none,0.0,500.0,0.01,met
2025-10-02 05:30:00,EXTREME_DISASTER,2520.1,18,9000.0,0.28,21.23,0.0,0.0,22.9,44.4,71.3,0.00133,none,0.0,500.0,0.01,met
2025-10-02 05:45:00,EXTREME_DISASTER,2285.8,18,9000.0,0.254,19.95,0.0,0.0,30.1,54.8,92.0,0.00073,scale_in,0.0,500.0,0.01,met
2025-10-02 06:00:00,EXTREME_DISASTER,2152.7,16,8000.0,0.2691,22.36,0.0,0.0,36.8,66.2,95.6,0.00069,none,0.0,500.0,0.01,met
2025-10-02 06:15:00,EXTREME_DISASTER,2115.7,16,8000.0,0.2645,21.14,0.0,0.0,27.3,51.8,81.5,0.00089,none,0.0,500.0,0.01,met
2025-10-02 06:30:00,EXTREME_DISASTER,2080.8,16,8000.0,0.2601,19.27,0.0,0.0,39.1,73.3,116.7,0.00072,none,0.0,500.0,0.01,met
2025-10-02 06:45:00,EXTREME_DISASTER,2006.0,16,8000.0,0.2507,22.25,0.0,0.0,38.1,69.0,109.3,0.00113,none,0.0,500.0,0.01,met
2025-10-02 07:00:00,EXTREME_DISASTER,1844.3,16,8000.0,0.2305,18.53,0.0,0.0,33.2,68.9,96.7,0.00123,scale_in,0.0,500.0,0.01,met
2025-10-02 07:15:00,EXTREME_DISASTER,1874.9,14,7000.0,0.2678,22.64,0.0,0.0,18.0,33.8,55.0,0.00069,none,0.0,500.0,0.01,met
2025-10-02 07:30:00,EXTREME_DISASTER,1829.1,14,7000.0,0.2613,18.11,0.0,0.0,38.8,77.0,112.8,0.00089,none,0.0,500.0,0.01,met
2025-10-02 07:45:00,EXTREME_DISASTER,1936.7,14,7000.0,0.2767,20.79,0.0,0.0,33.1,64.1,105.2,0.00154,none,0.0,500.0,0.01,met
2025-10-02 08:00:00,EXTREME_DISASTER,1840.7,14,7000.0,0.263,22.74,0.0,0.0,35.4,72.3,118.6,0.00137,none,0.0,500.0,0.01,met
2025-10-02 08:15:00,EXTREME_DISASTER,1610.0,14,7000.0,0.23,19.35,0.0,0.0,37.9,68.5,105.4,0.00103,scale_in,0.0,500.0,0.01,met
2025-10-02 08:30:00,EXTREME_DISASTER,1605.9,12,6000.0,0.2676,20.58,0.0,0.0,38.7,78.2,119.4,0.00108,none,0.0,500.0,0.01,met
2025-10-02 08:45:00,EXTREME_DISASTER,1492.2,12,6000.0,0.2487,21.92,0.0,0.0,34.3,68.9,101.2,0.00102,none,0.0,500.0,0.01,met
2025-10-02 09:00:00,EXTREME_DISASTER,1511.3,12,6000.0,0.2519,18.2,0.0,0.0,32.9,68.9,112.6,0.001,none,0.0,500.0,0.01,met
2025-10-02 09:15:00,EXTREME_DISASTER,1532.2,12,6000.0,0.2554,20.8,0.0,0.0,32.7,64.9,98.0,0.00078,none,0.0,500.0,0.01,met
2025-10-02 09:30:00,EXTREME_DISASTER,1551.9,12,6000.0,0.2586,18.82,0.0,0.0,37.2,76.3,107.4,0.0013,scale_in,0.0,500.0,0.01,met
2025-10-02 09:45:00,EXTREME_DISASTER,1407.6,10,5000.0,0.2815,24.11,0.0,0.0,38.1,75.5,122.4,0.0011,none,0.0,500.0,0.01,met
2025-10-02 10:00:00,EXTREME_DISASTER,1384.0,10,5000.0,0.2768,22.71,0.0,0.0,43.9,89.1,159.8,0.0009,none,0.0,500.0,0.01,met
2025-10-02 10:15:00,EXTREME_DISASTER,1274.3,10,5000.0,0.2549,20.71,0.0,0.0,30.1,58.8,91.9,0.00081,none,0.0,500.0,0.01,met
2025-10-02 10:30:00,EXTREME_DISASTER,1359.6,10,5000.0,0.2719,22.22,0.0,0.0,34.4,63.4,113.1,0.00086,none,0.0,500.0,0.01,met
2025-10-02 10:45:00,EXTREME_DISASTER,1287.3,10,5000.0,0.2575,22.75,0.0,0.0,19.6,39.6,69.4,0.00101,none,0.0,500.0,0.01,met
2025-10-02 11:00:00,EXTREME_DISASTER,1293.6,10,5000.0,0.2587,20.52,0.0,0.0,24.0,48.8,79.4,0.00066,none,0.0,500.0,0.01,met
2025-10-02 11:15:00,EXTREME_DISASTER,1254.4,10,5000.0,0.2509,19.5,0.0,0.0,26.6,48.8,72.3,0.00155,none,0.0,500.0,0.01,met
2025-10-02 11:30:00,EXTREME_DISASTER,1274.7,10,5000.0,0.2549,19.89,0.0,0.0,39.4,79.5,139.5,0.00104,none,0.0,500.0,0.01,met
2025-10-02 11:45:00,EXTREME_DISASTER,1171.4,10,5000.0,0.2343,19.29,0.0,0.0,46.4,89.3,146.5,0.00089,none,0.0,500.0,0.01,met
2025-10-02 12:00:00,EXTREME_DISASTER,1168.6,10,5000.0,0.2337,17.96,0.0,0.0,35.5,68.1,98.9,0.0011,none,0.0,500.0,0.01,met
