failure_case,failure_condition,peak_demand_rpm,peak_capacity_rpm,peak_instances,max_utilisation,max_queue_depth,max_p95_latency_ms,max_error_rate_pct,unmet_requests,scaling_actions,recovery_time_min,sla_compliance_pct,sla_violation_duration_min,failure_detected,recovery_achieved,severity,root_cause,total_simulated_cost,scaling_delay_seconds,hard_instance_limit,instances_capped,simulation_duration_hours,estimated_cost_usd,spike_cycles
Case 1: Extreme Traffic Spike,10x traffic multiplier on EXTREME_DISASTER,9958.0,13500.0,27,1.9125,34219.5,60276.3,100.0,0.0,13,0.0,97.9,45.0,True,False,SLA Violated,demand exceeded capacity,718.0,,,,,,
Case 2: Slow Scaling (fast (60s)),scaling_delay=60s under DISASTER_PEAK,5016.2,6500.0,13,1.4213,9480.0,44407.5,9.453,0.0,8,0.0,99.0,15.0,True,False,SLA Violated,baseline scaling,234.12,60.0,,,,,
Case 2: Slow Scaling (moderate (300s)),scaling_delay=300s under DISASTER_PEAK,5016.2,6500.0,13,1.4213,9480.0,44407.5,9.453,0.0,8,0.0,99.0,15.0,True,False,SLA Violated,scaling delay,234.12,300.0,,,,,
Case 2: Slow Scaling (severe (900s)),scaling_delay=900s under DISASTER_PEAK,5016.2,6500.0,13,1.4213,9480.0,44407.5,9.453,0.0,8,0.0,99.0,15.0,True,False,SLA Violated,scaling delay,234.12,900.0,,,,,
Case 3: Max Instance Limit,max_instances=15 under DISASTER_PEAK (2.5x),2786.8,4000.0,8,0.8188,0.0,269.0,0.184,0.0,4,0.0,100.0,0.0,False,True,SLA Compliant,maximum instance limit,79.25,,15.0,False,,,
Case 4: Long-Duration Disaster,72.0-hour DISASTER_PEAK duration,5335.5,7000.0,14,0.8494,0.0,338.3,0.184,0.0,8,0.0,100.0,0.0,False,True,SLA Compliant,sustained overload,431.75,,,,72.0,431.75,
Case 5: Rapid Successive Spikes,3 spike-recovery cycles (5x peak each),4037.0,6000.0,12,0.9745,0.0,1971.1,1.043,0.0,14,0.0,95.8,45.0,True,True,SLA Violated,queue accumulation,395.75,,,,,,3.0
Case 7: Recovery Failure,Sustained 5x-6x demand (4500+ RPM) with capacity capped at 3000 RPM for 24h,6104.2,3000.0,6,2.5152,50000.0,62912.9,100.0,2354981.5,1,1230.0,0.0,1440.0,True,True,SLA Violated,insufficient recovery time,127422.83,,,,,,
Case 8: Compound Failure,"DISASTER_BREAKING_NEWS (7x), max_instances=15, scaling_delay=600s, initial=4",6999.6,7500.0,15,1.9197,27589.5,60276.3,100.0,0.0,5,0.0,91.8,60.0,True,False,SLA Violated,combined workload stress,492.75,600.0,15.0,,,,
