parameter_name,parameter_value,scenario,strategy,peak_demand,peak_instances,max_queue,max_p95_latency,max_error_rate,unmet_requests,sla_compliance,sla_violation_duration,recovery_time,total_simulated_cost
traffic_multiplier,0.7,SEASONAL_PEAK,DYNAMIC_SCALING,1216.1,10,0.0,81.5,0.18,0.0,100.0,0.0,0.0,245.0
traffic_multiplier,1.0,SEASONAL_PEAK,DYNAMIC_SCALING,1737.3,10,0.0,91.7,0.18,0.0,100.0,0.0,0.0,245.0
traffic_multiplier,1.3,SEASONAL_PEAK,DYNAMIC_SCALING,2258.5,10,0.0,106.8,0.18,0.0,100.0,0.0,0.0,245.0
traffic_multiplier,1.6,SEASONAL_PEAK,DYNAMIC_SCALING,2779.7,10,0.0,128.9,0.18,0.0,100.0,0.0,0.0,245.0
traffic_multiplier,2.0,SEASONAL_PEAK,DYNAMIC_SCALING,3474.6,10,0.0,181.8,0.18,0.0,100.0,0.0,0.0,245.0
traffic_multiplier,0.7,DISASTER_PEAK,DYNAMIC_SCALING,3511.3,10,0.0,164.7,0.18,0.0,100.0,0.0,0.0,121.25
traffic_multiplier,1.0,DISASTER_PEAK,DYNAMIC_SCALING,5016.2,14,0.0,343.4,0.18,0.0,100.0,0.0,0.0,142.5
traffic_multiplier,1.3,DISASTER_PEAK,DYNAMIC_SCALING,6521.1,18,0.0,292.9,0.18,0.0,100.0,0.0,0.0,182.0
traffic_multiplier,1.6,DISASTER_PEAK,DYNAMIC_SCALING,8025.9,23,0.0,449.1,0.67,0.0,100.0,0.0,0.0,228.12
traffic_multiplier,2.0,DISASTER_PEAK,DYNAMIC_SCALING,10032.4,27,0.0,684.6,0.18,0.0,99.0,15.0,0.0,378.88
traffic_multiplier,0.7,EXTREME_DISASTER,DYNAMIC_SCALING,5925.0,16,0.0,350.8,0.18,0.0,100.0,0.0,0.0,255.75
traffic_multiplier,1.0,EXTREME_DISASTER,DYNAMIC_SCALING,8464.3,22,2431.5,5572.2,0.63,0.0,99.3,15.0,0.0,453.88
traffic_multiplier,1.3,EXTREME_DISASTER,DYNAMIC_SCALING,11003.6,29,4876.5,9685.9,1.31,0.0,98.6,30.0,0.0,667.5
traffic_multiplier,1.6,EXTREME_DISASTER,DYNAMIC_SCALING,13542.9,37,23308.5,33634.4,9.51,0.0,97.9,45.0,0.0,892.75
traffic_multiplier,2.0,EXTREME_DISASTER,DYNAMIC_SCALING,16928.6,45,47886.0,60276.3,50.72,0.0,97.9,45.0,0.0,1038.5
traffic_multiplier,0.7,DISASTER_BREAKING_NEWS,DYNAMIC_SCALING,4199.8,12,0.0,213.2,0.18,0.0,100.0,0.0,0.0,66.75
traffic_multiplier,1.0,DISASTER_BREAKING_NEWS,DYNAMIC_SCALING,5999.7,15,0.0,451.7,0.18,0.0,100.0,0.0,0.0,84.5
traffic_multiplier,1.3,DISASTER_BREAKING_NEWS,DYNAMIC_SCALING,7799.6,21,0.0,740.4,0.51,0.0,98.0,15.0,0.0,219.88
traffic_multiplier,1.6,DISASTER_BREAKING_NEWS,DYNAMIC_SCALING,9599.5,27,4479.0,9169.5,1.18,0.0,98.0,15.0,0.0,240.5
traffic_multiplier,2.0,DISASTER_BREAKING_NEWS,DYNAMIC_SCALING,11999.4,33,24348.0,34985.1,10.17,0.0,95.9,30.0,0.0,372.5
scaling_delay_seconds,60.0,SEASONAL_PEAK,DYNAMIC_SCALING,1737.3,10,0.0,91.7,0.18,0.0,100.0,0.0,0.0,245.0
scaling_delay_seconds,180.0,SEASONAL_PEAK,DYNAMIC_SCALING,1737.3,10,0.0,91.7,0.18,0.0,100.0,0.0,0.0,245.0
scaling_delay_seconds,300.0,SEASONAL_PEAK,DYNAMIC_SCALING,1737.3,10,0.0,91.7,0.18,0.0,100.0,0.0,0.0,245.0
scaling_delay_seconds,600.0,SEASONAL_PEAK,DYNAMIC_SCALING,1737.3,10,0.0,91.7,0.18,0.0,100.0,0.0,0.0,245.0
scaling_delay_seconds,60.0,DISASTER_PEAK,DYNAMIC_SCALING,5016.2,14,0.0,343.4,0.18,0.0,100.0,0.0,0.0,142.5
scaling_delay_seconds,180.0,DISASTER_PEAK,DYNAMIC_SCALING,5016.2,14,0.0,343.4,0.18,0.0,100.0,0.0,0.0,142.5
scaling_delay_seconds,300.0,DISASTER_PEAK,DYNAMIC_SCALING,5016.2,14,0.0,343.4,0.18,0.0,100.0,0.0,0.0,142.5
scaling_delay_seconds,600.0,DISASTER_PEAK,DYNAMIC_SCALING,5016.2,14,0.0,343.4,0.18,0.0,100.0,0.0,0.0,142.5
scaling_delay_seconds,60.0,EXTREME_DISASTER,DYNAMIC_SCALING,8464.3,22,2431.5,5572.2,0.63,0.0,99.3,15.0,0.0,453.88
scaling_delay_seconds,180.0,EXTREME_DISASTER,DYNAMIC_SCALING,8464.3,22,2431.5,5572.2,0.63,0.0,99.3,15.0,0.0,453.88
scaling_delay_seconds,300.0,EXTREME_DISASTER,DYNAMIC_SCALING,8464.3,22,2431.5,5572.2,0.63,0.0,99.3,15.0,0.0,453.88
scaling_delay_seconds,600.0,EXTREME_DISASTER,DYNAMIC_SCALING,8464.3,22,2431.5,5572.2,0.63,0.0,99.3,15.0,0.0,453.88
scaling_delay_seconds,60.0,DISASTER_BREAKING_NEWS,DYNAMIC_SCALING,5999.7,15,0.0,451.7,0.18,0.0,100.0,0.0,0.0,84.5
scaling_delay_seconds,180.0,DISASTER_BREAKING_NEWS,DYNAMIC_SCALING,5999.7,15,0.0,451.7,0.18,0.0,100.0,0.0,0.0,84.5
scaling_delay_seconds,300.0,DISASTER_BREAKING_NEWS,DYNAMIC_SCALING,5999.7,15,0.0,451.7,0.18,0.0,100.0,0.0,0.0,84.5
scaling_delay_seconds,600.0,DISASTER_BREAKING_NEWS,DYNAMIC_SCALING,5999.7,15,0.0,451.7,0.18,0.0,100.0,0.0,0.0,84.5
capacity_per_instance,300.0,SEASONAL_PEAK,DYNAMIC_SCALING,1737.3,10,0.0,135.3,0.18,0.0,100.0,0.0,0.0,245.0
capacity_per_instance,500.0,SEASONAL_PEAK,DYNAMIC_SCALING,1737.3,10,0.0,91.7,0.18,0.0,100.0,0.0,0.0,245.0
capacity_per_instance,800.0,SEASONAL_PEAK,DYNAMIC_SCALING,1737.3,10,0.0,80.1,0.18,0.0,100.0,0.0,0.0,245.0
capacity_per_instance,300.0,DISASTER_PEAK,DYNAMIC_SCALING,5016.2,22,0.0,447.0,0.18,0.0,100.0,0.0,0.0,226.0
capacity_per_instance,500.0,DISASTER_PEAK,DYNAMIC_SCALING,5016.2,14,0.0,343.4,0.18,0.0,100.0,0.0,0.0,142.5
capacity_per_instance,800.0,DISASTER_PEAK,DYNAMIC_SCALING,5016.2,10,0.0,131.4,0.18,0.0,100.0,0.0,0.0,121.25
capacity_per_instance,300.0,EXTREME_DISASTER,DYNAMIC_SCALING,8464.3,37,16443.0,38957.0,9.05,0.0,97.9,45.0,0.0,903.75
capacity_per_instance,500.0,EXTREME_DISASTER,DYNAMIC_SCALING,8464.3,22,2431.5,5572.2,0.63,0.0,99.3,15.0,0.0,453.88
capacity_per_instance,800.0,EXTREME_DISASTER,DYNAMIC_SCALING,8464.3,14,0.0,283.5,0.18,0.0,100.0,0.0,0.0,227.25
capacity_per_instance,300.0,DISASTER_BREAKING_NEWS,DYNAMIC_SCALING,5999.7,25,4674.0,13471.4,1.42,0.0,98.0,15.0,0.0,242.0
capacity_per_instance,500.0,DISASTER_BREAKING_NEWS,DYNAMIC_SCALING,5999.7,15,0.0,451.7,0.18,0.0,100.0,0.0,0.0,84.5
capacity_per_instance,800.0,DISASTER_BREAKING_NEWS,DYNAMIC_SCALING,5999.7,10,0.0,218.9,0.18,0.0,100.0,0.0,0.0,61.25
max_instances,20.0,SEASONAL_PEAK,DYNAMIC_SCALING,1737.3,10,0.0,91.7,0.18,0.0,100.0,0.0,0.0,245.0
max_instances,50.0,SEASONAL_PEAK,DYNAMIC_SCALING,1737.3,10,0.0,91.7,0.18,0.0,100.0,0.0,0.0,245.0
max_instances,80.0,SEASONAL_PEAK,DYNAMIC_SCALING,1737.3,10,0.0,91.7,0.18,0.0,100.0,0.0,0.0,245.0
max_instances,20.0,DISASTER_PEAK,DYNAMIC_SCALING,5016.2,14,0.0,343.4,0.18,0.0,100.0,0.0,0.0,142.5
max_instances,50.0,DISASTER_PEAK,DYNAMIC_SCALING,5016.2,14,0.0,343.4,0.18,0.0,100.0,0.0,0.0,142.5
max_instances,80.0,DISASTER_PEAK,DYNAMIC_SCALING,5016.2,14,0.0,343.4,0.18,0.0,100.0,0.0,0.0,142.5
max_instances,20.0,EXTREME_DISASTER,DYNAMIC_SCALING,8464.3,20,2431.5,5572.2,0.63,0.0,99.3,15.0,0.0,431.38
max_instances,50.0,EXTREME_DISASTER,DYNAMIC_SCALING,8464.3,22,2431.5,5572.2,0.63,0.0,99.3,15.0,0.0,453.88
max_instances,80.0,EXTREME_DISASTER,DYNAMIC_SCALING,8464.3,22,2431.5,5572.2,0.63,0.0,99.3,15.0,0.0,453.88
max_instances,20.0,DISASTER_BREAKING_NEWS,DYNAMIC_SCALING,5999.7,15,0.0,451.7,0.18,0.0,100.0,0.0,0.0,84.5
max_instances,50.0,DISASTER_BREAKING_NEWS,DYNAMIC_SCALING,5999.7,15,0.0,451.7,0.18,0.0,100.0,0.0,0.0,84.5
max_instances,80.0,DISASTER_BREAKING_NEWS,DYNAMIC_SCALING,5999.7,15,0.0,451.7,0.18,0.0,100.0,0.0,0.0,84.5
initial_instances,5.0,SEASONAL_PEAK,DYNAMIC_SCALING,1737.3,5,0.0,181.8,0.18,0.0,100.0,0.0,0.0,122.5
initial_instances,10.0,SEASONAL_PEAK,DYNAMIC_SCALING,1737.3,10,0.0,91.7,0.18,0.0,100.0,0.0,0.0,245.0
initial_instances,20.0,SEASONAL_PEAK,DYNAMIC_SCALING,1737.3,20,0.0,77.9,0.18,0.0,100.0,0.0,0.0,490.0
initial_instances,5.0,DISASTER_PEAK,DYNAMIC_SCALING,5016.2,13,0.0,342.5,0.18,0.0,100.0,0.0,0.0,135.62
initial_instances,10.0,DISASTER_PEAK,DYNAMIC_SCALING,5016.2,14,0.0,343.4,0.18,0.0,100.0,0.0,0.0,142.5
initial_instances,20.0,DISASTER_PEAK,DYNAMIC_SCALING,5016.2,20,0.0,112.4,0.18,0.0,100.0,0.0,0.0,242.5
initial_instances,5.0,EXTREME_DISASTER,DYNAMIC_SCALING,8464.3,23,23943.0,60276.3,43.54,0.0,97.9,45.0,0.0,661.25
initial_instances,10.0,EXTREME_DISASTER,DYNAMIC_SCALING,8464.3,22,2431.5,5572.2,0.63,0.0,99.3,15.0,0.0,453.88
initial_instances,20.0,EXTREME_DISASTER,DYNAMIC_SCALING,8464.3,23,0.0,234.3,0.18,0.0,100.0,0.0,0.0,392.0
initial_instances,5.0,DISASTER_BREAKING_NEWS,DYNAMIC_SCALING,5999.7,15,12174.0,34985.1,6.52,0.0,98.0,15.0,0.0,184.38
initial_instances,10.0,DISASTER_BREAKING_NEWS,DYNAMIC_SCALING,5999.7,15,0.0,451.7,0.18,0.0,100.0,0.0,0.0,84.5
initial_instances,20.0,DISASTER_BREAKING_NEWS,DYNAMIC_SCALING,5999.7,20,0.0,141.6,0.18,0.0,100.0,0.0,0.0,122.5
safety_margin_pct,0.0,SEASONAL_PEAK,DYNAMIC_SCALING,1737.3,10,0.0,91.7,0.18,0.0,100.0,0.0,0.0,245.0
safety_margin_pct,10.0,SEASONAL_PEAK,DYNAMIC_SCALING,1737.3,11,0.0,88.0,0.18,0.0,100.0,0.0,0.0,269.5
safety_margin_pct,20.0,SEASONAL_PEAK,DYNAMIC_SCALING,1737.3,12,0.0,85.2,0.18,0.0,100.0,0.0,0.0,294.0
safety_margin_pct,30.0,SEASONAL_PEAK,DYNAMIC_SCALING,1737.3,13,0.0,83.0,0.18,0.0,100.0,0.0,0.0,318.5
safety_margin_pct,0.0,DISASTER_PEAK,DYNAMIC_SCALING,5016.2,14,0.0,343.4,0.18,0.0,100.0,0.0,0.0,142.5
safety_margin_pct,10.0,DISASTER_PEAK,DYNAMIC_SCALING,5016.2,13,0.0,247.7,0.18,0.0,100.0,0.0,0.0,142.38
safety_margin_pct,20.0,DISASTER_PEAK,DYNAMIC_SCALING,5016.2,14,0.0,260.2,0.18,0.0,100.0,0.0,0.0,153.25
safety_margin_pct,30.0,DISASTER_PEAK,DYNAMIC_SCALING,5016.2,13,0.0,218.1,0.18,0.0,100.0,0.0,0.0,157.62
safety_margin_pct,0.0,EXTREME_DISASTER,DYNAMIC_SCALING,8464.3,22,2431.5,5572.2,0.63,0.0,99.3,15.0,0.0,453.88
safety_margin_pct,10.0,EXTREME_DISASTER,DYNAMIC_SCALING,8464.3,23,0.0,697.3,0.57,0.0,99.3,15.0,0.0,459.62
safety_margin_pct,20.0,EXTREME_DISASTER,DYNAMIC_SCALING,8464.3,22,0.0,400.9,0.49,0.0,100.0,0.0,0.0,354.75
safety_margin_pct,30.0,EXTREME_DISASTER,DYNAMIC_SCALING,8464.3,23,0.0,909.1,0.18,0.0,99.3,15.0,0.0,467.75
safety_margin_pct,0.0,DISASTER_BREAKING_NEWS,DYNAMIC_SCALING,5999.7,15,0.0,451.7,0.18,0.0,100.0,0.0,0.0,84.5
safety_margin_pct,10.0,DISASTER_BREAKING_NEWS,DYNAMIC_SCALING,5999.7,15,0.0,297.3,0.18,0.0,100.0,0.0,0.0,87.62
safety_margin_pct,20.0,DISASTER_BREAKING_NEWS,DYNAMIC_SCALING,5999.7,15,0.0,451.7,0.18,0.0,100.0,0.0,0.0,83.38
safety_margin_pct,30.0,DISASTER_BREAKING_NEWS,DYNAMIC_SCALING,5999.7,15,0.0,283.0,0.18,0.0,100.0,0.0,0.0,86.12
disaster_duration_hours,12.0,SEASONAL_PEAK,DYNAMIC_SCALING,1572.0,10,0.0,73.2,0.13,0.0,100.0,0.0,0.0,65.0
disaster_duration_hours,24.0,SEASONAL_PEAK,DYNAMIC_SCALING,1884.3,10,0.0,79.2,0.14,0.0,100.0,0.0,0.0,125.0
disaster_duration_hours,36.0,SEASONAL_PEAK,DYNAMIC_SCALING,1736.3,10,0.0,88.4,0.15,0.0,100.0,0.0,0.0,185.0
disaster_duration_hours,12.0,DISASTER_PEAK,DYNAMIC_SCALING,4203.1,12,0.0,336.2,0.18,0.0,100.0,0.0,0.0,65.5
disaster_duration_hours,24.0,DISASTER_PEAK,DYNAMIC_SCALING,5016.2,14,0.0,343.4,0.18,0.0,100.0,0.0,0.0,142.5
disaster_duration_hours,36.0,DISASTER_PEAK,DYNAMIC_SCALING,4503.3,12,0.0,353.4,0.18,0.0,100.0,0.0,0.0,202.75
disaster_duration_hours,12.0,EXTREME_DISASTER,DYNAMIC_SCALING,8122.0,23,10861.5,17462.2,3.52,0.0,98.0,15.0,0.0,224.88
disaster_duration_hours,24.0,EXTREME_DISASTER,DYNAMIC_SCALING,9400.2,24,0.0,915.2,0.18,0.0,99.0,15.0,0.0,352.75
disaster_duration_hours,36.0,EXTREME_DISASTER,DYNAMIC_SCALING,8464.3,22,2431.5,5572.2,0.63,0.0,99.3,15.0,0.0,453.88
disaster_duration_hours,12.0,DISASTER_BREAKING_NEWS,DYNAMIC_SCALING,5999.7,15,0.0,451.7,0.18,0.0,100.0,0.0,0.0,84.5
disaster_duration_hours,24.0,DISASTER_BREAKING_NEWS,DYNAMIC_SCALING,6540.6,18,0.0,294.9,0.18,0.0,100.0,0.0,0.0,188.25
disaster_duration_hours,36.0,DISASTER_BREAKING_NEWS,DYNAMIC_SCALING,6055.1,16,0.0,318.9,0.18,0.0,100.0,0.0,0.0,267.0
peak_duration_ratio,0.4,SEASONAL_PEAK,DYNAMIC_SCALING,1737.3,10,0.0,91.7,0.18,0.0,100.0,0.0,0.0,245.0
peak_duration_ratio,0.65,SEASONAL_PEAK,DYNAMIC_SCALING,1737.3,10,0.0,91.7,0.18,0.0,100.0,0.0,0.0,245.0
peak_duration_ratio,0.8,SEASONAL_PEAK,DYNAMIC_SCALING,1737.3,10,0.0,91.7,0.18,0.0,100.0,0.0,0.0,245.0
peak_duration_ratio,0.4,DISASTER_PEAK,DYNAMIC_SCALING,5016.2,14,0.0,343.4,0.18,0.0,100.0,0.0,0.0,142.5
peak_duration_ratio,0.65,DISASTER_PEAK,DYNAMIC_SCALING,5016.2,14,0.0,343.4,0.18,0.0,100.0,0.0,0.0,142.5
peak_duration_ratio,0.8,DISASTER_PEAK,DYNAMIC_SCALING,5016.2,14,0.0,343.4,0.18,0.0,100.0,0.0,0.0,142.5
peak_duration_ratio,0.4,EXTREME_DISASTER,DYNAMIC_SCALING,8464.3,22,2431.5,5572.2,0.63,0.0,99.3,15.0,0.0,453.88
peak_duration_ratio,0.65,EXTREME_DISASTER,DYNAMIC_SCALING,8464.3,22,2431.5,5572.2,0.63,0.0,99.3,15.0,0.0,453.88
peak_duration_ratio,0.8,EXTREME_DISASTER,DYNAMIC_SCALING,8464.3,22,2431.5,5572.2,0.63,0.0,99.3,15.0,0.0,453.88
peak_duration_ratio,0.4,DISASTER_BREAKING_NEWS,DYNAMIC_SCALING,5999.7,15,0.0,451.7,0.18,0.0,100.0,0.0,0.0,84.5
peak_duration_ratio,0.65,DISASTER_BREAKING_NEWS,DYNAMIC_SCALING,5999.7,15,0.0,451.7,0.18,0.0,100.0,0.0,0.0,84.5
peak_duration_ratio,0.8,DISASTER_BREAKING_NEWS,DYNAMIC_SCALING,5999.7,15,0.0,451.7,0.18,0.0,100.0,0.0,0.0,84.5
