scenario,strategy,peak_demand,required_instances,peak_instances,max_queue,max_p95_latency,max_error_rate,sla_compliance,unmet_requests,scaling_actions,infrastructure_cost,scaling_cost,sla_penalty,unmet_request_penalty,total_simulated_cost
NORMAL,AVERAGE_DEMAND,967.3,2,4,0.0,100.0,0.14,COMPLIANT,0.0,0,50.0,0.0,0.0,0.0,50.0
NORMAL,PEAK_DEMAND,967.3,2,4,0.0,100.0,0.14,COMPLIANT,0.0,0,50.0,0.0,0.0,0.0,50.0
NORMAL,SAFETY_MARGIN,967.3,2,6,0.0,87.0,0.14,COMPLIANT,0.0,0,75.0,0.0,0.0,0.0,75.0
NORMAL,DYNAMIC_SCALING,967.3,2,10,0.0,79.3,0.14,COMPLIANT,0.0,0,125.0,0.0,0.0,0.0,125.0
NORMAL,DISASTER_AWARE,967.3,2,10,0.0,79.3,0.14,COMPLIANT,0.0,0,125.0,0.0,0.0,0.0,125.0
SEASONAL_PEAK,AVERAGE_DEMAND,1737.3,4,6,0.0,401.6,0.19,COMPLIANT,0.0,4,116.0,6.0,0.0,0.0,122.0
SEASONAL_PEAK,PEAK_DEMAND,1737.3,4,4,0.0,401.6,0.19,COMPLIANT,0.0,0,98.0,0.0,0.0,0.0,98.0
SEASONAL_PEAK,SAFETY_MARGIN,1737.3,4,6,0.0,135.3,0.18,COMPLIANT,0.0,0,147.0,0.0,0.0,0.0,147.0
SEASONAL_PEAK,DYNAMIC_SCALING,1737.3,4,10,0.0,91.7,0.18,COMPLIANT,0.0,0,245.0,0.0,0.0,0.0,245.0
SEASONAL_PEAK,DISASTER_AWARE,1737.3,4,10,0.0,91.7,0.18,COMPLIANT,0.0,0,245.0,0.0,0.0,0.0,245.0
BREAKING_NEWS,AVERAGE_DEMAND,2083.1,5,6,0.0,239.3,0.18,COMPLIANT,0.0,2,33.5,3.0,0.0,0.0,36.5
BREAKING_NEWS,PEAK_DEMAND,2083.1,5,5,0.0,279.3,0.18,COMPLIANT,0.0,2,29.38,3.0,0.0,0.0,32.38
BREAKING_NEWS,SAFETY_MARGIN,2083.1,5,6,0.0,170.0,0.18,COMPLIANT,0.0,0,36.75,0.0,0.0,0.0,36.75
BREAKING_NEWS,DYNAMIC_SCALING,2083.1,5,10,0.0,99.1,0.18,COMPLIANT,0.0,0,61.25,0.0,0.0,0.0,61.25
BREAKING_NEWS,DISASTER_AWARE,2083.1,5,18,0.0,83.1,0.18,COMPLIANT,0.0,0,110.25,0.0,0.0,0.0,110.25
DISASTER_PEAK,AVERAGE_DEMAND,5016.2,11,6,50000.0,62629.9,63.36,VIOLATED,342584.5,2,69.5,3.0,7600.0,17129.23,24801.73
DISASTER_PEAK,PEAK_DEMAND,5016.2,11,11,0.0,582.8,0.92,COMPLIANT,0.0,6,115.38,9.0,100.0,0.0,224.38
DISASTER_PEAK,SAFETY_MARGIN,5016.2,11,13,0.0,343.4,0.18,COMPLIANT,0.0,8,124.5,12.0,0.0,0.0,136.5
DISASTER_PEAK,DYNAMIC_SCALING,5016.2,11,14,0.0,343.4,0.18,COMPLIANT,0.0,4,137.5,6.0,0.0,0.0,143.5
DISASTER_PEAK,DISASTER_AWARE,5016.2,11,18,0.0,119.9,0.18,COMPLIANT,0.0,0,218.25,0.0,0.0,0.0,218.25
EXTREME_DISASTER,AVERAGE_DEMAND,8464.3,17,6,50000.0,62912.9,100.0,VIOLATED,5521582.0,2,106.5,3.0,11900.0,276079.1,288088.6
EXTREME_DISASTER,PEAK_DEMAND,8464.3,17,17,1443.0,5693.5,1.1,VIOLATED,0.0,7,274.62,9.0,2500.0,0.0,2783.62
EXTREME_DISASTER,SAFETY_MARGIN,8464.3,17,21,2431.5,5572.2,0.63,COMPLIANT,0.0,9,331.25,12.0,100.0,0.0,443.25
EXTREME_DISASTER,DYNAMIC_SCALING,8464.3,17,22,2431.5,5572.2,0.63,COMPLIANT,0.0,9,349.38,12.0,100.0,0.0,461.38
EXTREME_DISASTER,DISASTER_AWARE,8464.3,17,26,0.0,186.6,0.18,COMPLIANT,0.0,8,421.0,12.0,0.0,0.0,433.0
DISASTER_BREAKING_NEWS,AVERAGE_DEMAND,5999.7,12,6,50000.0,62600.6,100.0,VIOLATED,648356.5,2,36.25,3.0,4700.0,32417.83,37157.07
DISASTER_BREAKING_NEWS,PEAK_DEMAND,5999.7,12,12,4674.0,13471.4,1.42,VIOLATED,0.0,3,71.5,4.0,400.0,0.0,475.5
DISASTER_BREAKING_NEWS,SAFETY_MARGIN,5999.7,12,15,0.0,934.4,0.18,COMPLIANT,0.0,4,78.62,6.0,100.0,0.0,184.62
DISASTER_BREAKING_NEWS,DYNAMIC_SCALING,5999.7,12,15,0.0,451.7,0.18,COMPLIANT,0.0,3,79.25,5.0,0.0,0.0,84.25
DISASTER_BREAKING_NEWS,DISASTER_AWARE,5999.7,12,18,0.0,167.4,0.18,COMPLIANT,0.0,0,110.25,0.0,0.0,0.0,110.25
DISASTER_SEASONAL,AVERAGE_DEMAND,5830.0,12,6,50000.0,62629.9,100.0,VIOLATED,1392925.0,2,71.5,3.0,9100.0,69646.25,78820.75
DISASTER_SEASONAL,PEAK_DEMAND,5830.0,12,12,0.0,1618.0,1.01,VIOLATED,0.0,5,136.5,8.0,500.0,0.0,644.5
DISASTER_SEASONAL,SAFETY_MARGIN,5830.0,12,14,0.0,382.9,0.19,COMPLIANT,0.0,6,150.38,10.0,0.0,0.0,160.38
DISASTER_SEASONAL,DYNAMIC_SCALING,5830.0,12,16,0.0,348.8,0.18,COMPLIANT,0.0,5,164.75,8.0,0.0,0.0,172.75
DISASTER_SEASONAL,DISASTER_AWARE,5830.0,12,18,0.0,160.3,0.18,COMPLIANT,0.0,0,218.25,0.0,0.0,0.0,218.25
