scenario,strategy,violation_detected,violation_type,max_queue,max_p95_latency,max_error_rate,unmet_requests,recovery_time,explanation
NORMAL,AVERAGE_DEMAND,False,NONE,0.0,100.0,0.14,0.0,0.0,System maintained SLA compliance; no violations detected.
NORMAL,PEAK_DEMAND,False,NONE,0.0,100.0,0.14,0.0,0.0,System maintained SLA compliance; no violations detected.
NORMAL,SAFETY_MARGIN,False,NONE,0.0,87.0,0.14,0.0,0.0,System maintained SLA compliance; no violations detected.
NORMAL,DYNAMIC_SCALING,False,NONE,0.0,79.3,0.14,0.0,0.0,System maintained SLA compliance; no violations detected.
NORMAL,DISASTER_AWARE,False,NONE,0.0,79.3,0.14,0.0,0.0,System maintained SLA compliance; no violations detected.
SEASONAL_PEAK,AVERAGE_DEMAND,False,NONE,0.0,401.6,0.19,0.0,0.0,System maintained SLA compliance; no violations detected.
SEASONAL_PEAK,PEAK_DEMAND,False,NONE,0.0,401.6,0.19,0.0,0.0,System maintained SLA compliance; no violations detected.
SEASONAL_PEAK,SAFETY_MARGIN,False,NONE,0.0,135.3,0.18,0.0,0.0,System maintained SLA compliance; no violations detected.
SEASONAL_PEAK,DYNAMIC_SCALING,False,NONE,0.0,91.7,0.18,0.0,0.0,System maintained SLA compliance; no violations detected.
SEASONAL_PEAK,DISASTER_AWARE,False,NONE,0.0,91.7,0.18,0.0,0.0,System maintained SLA compliance; no violations detected.
BREAKING_NEWS,AVERAGE_DEMAND,False,NONE,0.0,239.3,0.18,0.0,0.0,System maintained SLA compliance; no violations detected.
BREAKING_NEWS,PEAK_DEMAND,False,NONE,0.0,279.3,0.18,0.0,0.0,System maintained SLA compliance; no violations detected.
BREAKING_NEWS,SAFETY_MARGIN,False,NONE,0.0,170.0,0.18,0.0,0.0,System maintained SLA compliance; no violations detected.
BREAKING_NEWS,DYNAMIC_SCALING,False,NONE,0.0,99.1,0.18,0.0,0.0,System maintained SLA compliance; no violations detected.
BREAKING_NEWS,DISASTER_AWARE,False,NONE,0.0,83.1,0.18,0.0,0.0,System maintained SLA compliance; no violations detected.
DISASTER_PEAK,AVERAGE_DEMAND,True,LATENCY_OVERLOAD; ERROR_RATE_OVERLOAD; MAXIMUM_INSTANCE_LIMIT; TRAFFIC_SPIKE; SCALING_DELAY; QUEUE_ACCUMULATION; SLOW_RECOVERY; INSUFFICIENT_INITIAL_CAPACITY,50000.0,62629.9,63.36,342584.5,330.0,"p95 latency reached 62,630ms (target: 500ms). Error rate reached 63.36% (target: 1.0%). Infrastructure ceiling of 6 instances reached while demand exceeded capacity. Severe disaster traffic surge (5,016 RPM) overwhelmed baseline provisioned capacity. Provisioning delay prevented new server instances from coming online fast enough during early surge onset. Excess request rate accumulated in queue buffer, peaking at 50,000 queued requests. System required 330.0 minutes to clear queue backlog and return to normal latency after peak. Static average-demand planning provided only 4-6 initial instances, creating an immediate capacity shortfall."
DISASTER_PEAK,PEAK_DEMAND,True,LATENCY_OVERLOAD; TRAFFIC_SPIKE; SCALING_DELAY,0.0,582.8,0.92,0.0,0.0,"p95 latency reached 583ms (target: 500ms). Severe disaster traffic surge (5,016 RPM) overwhelmed baseline provisioned capacity. Provisioning delay prevented new server instances from coming online fast enough during early surge onset."
DISASTER_PEAK,SAFETY_MARGIN,False,NONE,0.0,343.4,0.18,0.0,0.0,System maintained SLA compliance; no violations detected.
DISASTER_PEAK,DYNAMIC_SCALING,False,NONE,0.0,343.4,0.18,0.0,0.0,System maintained SLA compliance; no violations detected.
DISASTER_PEAK,DISASTER_AWARE,False,NONE,0.0,119.9,0.18,0.0,0.0,System maintained SLA compliance; no violations detected.
EXTREME_DISASTER,AVERAGE_DEMAND,True,LATENCY_OVERLOAD; ERROR_RATE_OVERLOAD; MAXIMUM_INSTANCE_LIMIT; TRAFFIC_SPIKE; SCALING_DELAY; QUEUE_ACCUMULATION; SLOW_RECOVERY; INSUFFICIENT_INITIAL_CAPACITY,50000.0,62912.9,100.0,5521582.0,1050.0,"p95 latency reached 62,913ms (target: 500ms). Error rate reached 100.00% (target: 1.0%). Infrastructure ceiling of 6 instances reached while demand exceeded capacity. Severe disaster traffic surge (8,464 RPM) overwhelmed baseline provisioned capacity. Provisioning delay prevented new server instances from coming online fast enough during early surge onset. Excess request rate accumulated in queue buffer, peaking at 50,000 queued requests. System required 1050.0 minutes to clear queue backlog and return to normal latency after peak. Static average-demand planning provided only 4-6 initial instances, creating an immediate capacity shortfall."
EXTREME_DISASTER,PEAK_DEMAND,True,LATENCY_OVERLOAD; ERROR_RATE_OVERLOAD; TRAFFIC_SPIKE; SCALING_DELAY; QUEUE_ACCUMULATION,1443.0,5693.5,1.1,0.0,0.0,"p95 latency reached 5,694ms (target: 500ms). Error rate reached 1.10% (target: 1.0%). Severe disaster traffic surge (8,464 RPM) overwhelmed baseline provisioned capacity. Provisioning delay prevented new server instances from coming online fast enough during early surge onset. Excess request rate accumulated in queue buffer, peaking at 1,443 queued requests."
EXTREME_DISASTER,SAFETY_MARGIN,True,LATENCY_OVERLOAD; TRAFFIC_SPIKE; SCALING_DELAY; QUEUE_ACCUMULATION,2431.5,5572.2,0.63,0.0,0.0,"p95 latency reached 5,572ms (target: 500ms). Severe disaster traffic surge (8,464 RPM) overwhelmed baseline provisioned capacity. Provisioning delay prevented new server instances from coming online fast enough during early surge onset. Excess request rate accumulated in queue buffer, peaking at 2,432 queued requests."
EXTREME_DISASTER,DYNAMIC_SCALING,True,LATENCY_OVERLOAD; TRAFFIC_SPIKE; SCALING_DELAY; QUEUE_ACCUMULATION,2431.5,5572.2,0.63,0.0,0.0,"p95 latency reached 5,572ms (target: 500ms). Severe disaster traffic surge (8,464 RPM) overwhelmed baseline provisioned capacity. Provisioning delay prevented new server instances from coming online fast enough during early surge onset. Excess request rate accumulated in queue buffer, peaking at 2,432 queued requests."
EXTREME_DISASTER,DISASTER_AWARE,False,NONE,0.0,186.6,0.18,0.0,0.0,System maintained SLA compliance; no violations detected.
DISASTER_BREAKING_NEWS,AVERAGE_DEMAND,True,LATENCY_OVERLOAD; ERROR_RATE_OVERLOAD; MAXIMUM_INSTANCE_LIMIT; TRAFFIC_SPIKE; SCALING_DELAY; QUEUE_ACCUMULATION; SLOW_RECOVERY; INSUFFICIENT_INITIAL_CAPACITY,50000.0,62600.6,100.0,648356.5,225.0,"p95 latency reached 62,601ms (target: 500ms). Error rate reached 100.00% (target: 1.0%). Infrastructure ceiling of 6 instances reached while demand exceeded capacity. Severe disaster traffic surge (6,000 RPM) overwhelmed baseline provisioned capacity. Provisioning delay prevented new server instances from coming online fast enough during early surge onset. Excess request rate accumulated in queue buffer, peaking at 50,000 queued requests. System required 225.0 minutes to clear queue backlog and return to normal latency after peak. Static average-demand planning provided only 4-6 initial instances, creating an immediate capacity shortfall."
DISASTER_BREAKING_NEWS,PEAK_DEMAND,True,LATENCY_OVERLOAD; ERROR_RATE_OVERLOAD; TRAFFIC_SPIKE; SCALING_DELAY; QUEUE_ACCUMULATION,4674.0,13471.4,1.42,0.0,0.0,"p95 latency reached 13,471ms (target: 500ms). Error rate reached 1.42% (target: 1.0%). Severe disaster traffic surge (6,000 RPM) overwhelmed baseline provisioned capacity. Provisioning delay prevented new server instances from coming online fast enough during early surge onset. Excess request rate accumulated in queue buffer, peaking at 4,674 queued requests."
DISASTER_BREAKING_NEWS,SAFETY_MARGIN,True,LATENCY_OVERLOAD; TRAFFIC_SPIKE; SCALING_DELAY,0.0,934.4,0.18,0.0,0.0,"p95 latency reached 934ms (target: 500ms). Severe disaster traffic surge (6,000 RPM) overwhelmed baseline provisioned capacity. Provisioning delay prevented new server instances from coming online fast enough during early surge onset."
DISASTER_BREAKING_NEWS,DYNAMIC_SCALING,False,NONE,0.0,451.7,0.18,0.0,0.0,System maintained SLA compliance; no violations detected.
DISASTER_BREAKING_NEWS,DISASTER_AWARE,False,NONE,0.0,167.4,0.18,0.0,0.0,System maintained SLA compliance; no violations detected.
DISASTER_SEASONAL,AVERAGE_DEMAND,True,LATENCY_OVERLOAD; ERROR_RATE_OVERLOAD; MAXIMUM_INSTANCE_LIMIT; TRAFFIC_SPIKE; SCALING_DELAY; QUEUE_ACCUMULATION; SLOW_RECOVERY; INSUFFICIENT_INITIAL_CAPACITY,50000.0,62629.9,100.0,1392925.0,405.0,"p95 latency reached 62,630ms (target: 500ms). Error rate reached 100.00% (target: 1.0%). Infrastructure ceiling of 6 instances reached while demand exceeded capacity. Severe disaster traffic surge (5,830 RPM) overwhelmed baseline provisioned capacity. Provisioning delay prevented new server instances from coming online fast enough during early surge onset. Excess request rate accumulated in queue buffer, peaking at 50,000 queued requests. System required 405.0 minutes to clear queue backlog and return to normal latency after peak. Static average-demand planning provided only 4-6 initial instances, creating an immediate capacity shortfall."
DISASTER_SEASONAL,PEAK_DEMAND,True,LATENCY_OVERLOAD; ERROR_RATE_OVERLOAD; TRAFFIC_SPIKE; SCALING_DELAY,0.0,1618.0,1.01,0.0,0.0,"p95 latency reached 1,618ms (target: 500ms). Error rate reached 1.01% (target: 1.0%). Severe disaster traffic surge (5,830 RPM) overwhelmed baseline provisioned capacity. Provisioning delay prevented new server instances from coming online fast enough during early surge onset."
DISASTER_SEASONAL,SAFETY_MARGIN,False,NONE,0.0,382.9,0.19,0.0,0.0,System maintained SLA compliance; no violations detected.
DISASTER_SEASONAL,DYNAMIC_SCALING,False,NONE,0.0,348.8,0.18,0.0,0.0,System maintained SLA compliance; no violations detected.
DISASTER_SEASONAL,DISASTER_AWARE,False,NONE,0.0,160.3,0.18,0.0,0.0,System maintained SLA compliance; no violations detected.
