scenario,strategy_after,before_strategy,before_sla_compliance,after_sla_compliance,sla_difference,sla_change_pct,before_peak_capacity,after_peak_capacity,capacity_difference,capacity_change_pct,before_max_queue,after_max_queue,queue_difference,queue_change_pct,before_max_p95_latency,after_max_p95_latency,latency_difference,latency_change_pct,before_max_error_rate,after_max_error_rate,error_rate_difference,error_rate_change_pct,before_unmet_requests,after_unmet_requests,unmet_request_difference,unmet_request_change_pct,before_peak_instances,after_peak_instances,instance_difference,instance_change_pct,before_scaling_actions,after_scaling_actions,scaling_action_difference
NORMAL,PEAK_DEMAND,AVERAGE_DEMAND,100.0,100.0,0.0,0.0,2000.0,2000.0,0.0,0.0,0.0,0.0,0.0,0.0,100.0,100.0,0.0,0.0,0.14,0.14,0.0,0.0,0.0,0.0,0.0,0.0,4,4,0,0.0,0,0,0
NORMAL,SAFETY_MARGIN,AVERAGE_DEMAND,100.0,100.0,0.0,0.0,2000.0,3000.0,1000.0,50.0,0.0,0.0,0.0,0.0,100.0,87.0,-13.0,-13.0,0.14,0.14,0.0,0.0,0.0,0.0,0.0,0.0,4,6,2,50.0,0,0,0
NORMAL,DYNAMIC_SCALING,AVERAGE_DEMAND,100.0,100.0,0.0,0.0,2000.0,5000.0,3000.0,150.0,0.0,0.0,0.0,0.0,100.0,79.3,-20.7,-20.7,0.14,0.14,0.0,0.0,0.0,0.0,0.0,0.0,4,10,6,150.0,0,0,0
NORMAL,DISASTER_AWARE,AVERAGE_DEMAND,100.0,100.0,0.0,0.0,2000.0,5000.0,3000.0,150.0,0.0,0.0,0.0,0.0,100.0,79.3,-20.7,-20.7,0.14,0.14,0.0,0.0,0.0,0.0,0.0,0.0,4,10,6,150.0,0,0,0
SEASONAL_PEAK,PEAK_DEMAND,AVERAGE_DEMAND,100.0,100.0,0.0,0.0,3000.0,2000.0,-1000.0,-33.3,0.0,0.0,0.0,0.0,401.6,401.6,0.0,0.0,0.19,0.19,0.0,0.0,0.0,0.0,0.0,0.0,6,4,-2,-33.3,4,0,-4
SEASONAL_PEAK,SAFETY_MARGIN,AVERAGE_DEMAND,100.0,100.0,0.0,0.0,3000.0,3000.0,0.0,0.0,0.0,0.0,0.0,0.0,401.6,135.3,-266.3,-66.3,0.19,0.18,-0.01,-5.3,0.0,0.0,0.0,0.0,6,6,0,0.0,4,0,-4
SEASONAL_PEAK,DYNAMIC_SCALING,AVERAGE_DEMAND,100.0,100.0,0.0,0.0,3000.0,5000.0,2000.0,66.7,0.0,0.0,0.0,0.0,401.6,91.7,-309.9,-77.2,0.19,0.18,-0.01,-5.3,0.0,0.0,0.0,0.0,6,10,4,66.7,4,0,-4
SEASONAL_PEAK,DISASTER_AWARE,AVERAGE_DEMAND,100.0,100.0,0.0,0.0,3000.0,5000.0,2000.0,66.7,0.0,0.0,0.0,0.0,401.6,91.7,-309.9,-77.2,0.19,0.18,-0.01,-5.3,0.0,0.0,0.0,0.0,6,10,4,66.7,4,0,-4
BREAKING_NEWS,PEAK_DEMAND,AVERAGE_DEMAND,100.0,100.0,0.0,0.0,3000.0,2500.0,-500.0,-16.7,0.0,0.0,0.0,0.0,239.3,279.3,40.0,16.7,0.18,0.18,0.0,0.0,0.0,0.0,0.0,0.0,6,5,-1,-16.7,2,2,0
BREAKING_NEWS,SAFETY_MARGIN,AVERAGE_DEMAND,100.0,100.0,0.0,0.0,3000.0,3000.0,0.0,0.0,0.0,0.0,0.0,0.0,239.3,170.0,-69.3,-29.0,0.18,0.18,0.0,0.0,0.0,0.0,0.0,0.0,6,6,0,0.0,2,0,-2
BREAKING_NEWS,DYNAMIC_SCALING,AVERAGE_DEMAND,100.0,100.0,0.0,0.0,3000.0,5000.0,2000.0,66.7,0.0,0.0,0.0,0.0,239.3,99.1,-140.2,-58.6,0.18,0.18,0.0,0.0,0.0,0.0,0.0,0.0,6,10,4,66.7,2,0,-2
BREAKING_NEWS,DISASTER_AWARE,AVERAGE_DEMAND,100.0,100.0,0.0,0.0,3000.0,9000.0,6000.0,200.0,0.0,0.0,0.0,0.0,239.3,83.1,-156.2,-65.3,0.18,0.18,0.0,0.0,0.0,0.0,0.0,0.0,6,18,12,200.0,2,0,-2
DISASTER_PEAK,PEAK_DEMAND,AVERAGE_DEMAND,21.6,99.0,77.4,358.3,3000.0,5500.0,2500.0,83.3,50000.0,0.0,-50000.0,-100.0,62629.9,582.8,-62047.1,-99.1,63.36,0.92,-62.44,-98.5,342584.5,0.0,-342584.5,-100.0,6,11,5,83.3,2,6,4
DISASTER_PEAK,SAFETY_MARGIN,AVERAGE_DEMAND,21.6,100.0,78.4,363.0,3000.0,6500.0,3500.0,116.7,50000.0,0.0,-50000.0,-100.0,62629.9,343.4,-62286.5,-99.5,63.36,0.18,-63.18,-99.7,342584.5,0.0,-342584.5,-100.0,6,13,7,116.7,2,8,6
DISASTER_PEAK,DYNAMIC_SCALING,AVERAGE_DEMAND,21.6,100.0,78.4,363.0,3000.0,7000.0,4000.0,133.3,50000.0,0.0,-50000.0,-100.0,62629.9,343.4,-62286.5,-99.5,63.36,0.18,-63.18,-99.7,342584.5,0.0,-342584.5,-100.0,6,14,8,133.3,2,4,2
DISASTER_PEAK,DISASTER_AWARE,AVERAGE_DEMAND,21.6,100.0,78.4,363.0,3000.0,9000.0,6000.0,200.0,50000.0,0.0,-50000.0,-100.0,62629.9,119.9,-62510.0,-99.8,63.36,0.18,-63.18,-99.7,342584.5,0.0,-342584.5,-100.0,6,18,12,200.0,2,0,-2
EXTREME_DISASTER,PEAK_DEMAND,AVERAGE_DEMAND,17.9,82.8,64.9,362.6,3000.0,8500.0,5500.0,183.3,50000.0,1443.0,-48557.0,-97.1,62912.9,5693.5,-57219.4,-91.0,100.0,1.1,-98.9,-98.9,5521582.0,0.0,-5521582.0,-100.0,6,17,11,183.3,2,7,5
EXTREME_DISASTER,SAFETY_MARGIN,AVERAGE_DEMAND,17.9,99.3,81.4,454.7,3000.0,10500.0,7500.0,250.0,50000.0,2431.5,-47568.5,-95.1,62912.9,5572.2,-57340.7,-91.1,100.0,0.63,-99.37,-99.4,5521582.0,0.0,-5521582.0,-100.0,6,21,15,250.0,2,9,7
EXTREME_DISASTER,DYNAMIC_SCALING,AVERAGE_DEMAND,17.9,99.3,81.4,454.7,3000.0,11000.0,8000.0,266.7,50000.0,2431.5,-47568.5,-95.1,62912.9,5572.2,-57340.7,-91.1,100.0,0.63,-99.37,-99.4,5521582.0,0.0,-5521582.0,-100.0,6,22,16,266.7,2,9,7
EXTREME_DISASTER,DISASTER_AWARE,AVERAGE_DEMAND,17.9,100.0,82.1,458.7,3000.0,13000.0,10000.0,333.3,50000.0,0.0,-50000.0,-100.0,62912.9,186.6,-62726.3,-99.7,100.0,0.18,-99.82,-99.8,5521582.0,0.0,-5521582.0,-100.0,6,26,20,333.3,2,8,6
DISASTER_BREAKING_NEWS,PEAK_DEMAND,AVERAGE_DEMAND,4.1,91.8,87.7,2139.0,3000.0,6000.0,3000.0,100.0,50000.0,4674.0,-45326.0,-90.7,62600.6,13471.4,-49129.2,-78.5,100.0,1.42,-98.58,-98.6,648356.5,0.0,-648356.5,-100.0,6,12,6,100.0,2,3,1
DISASTER_BREAKING_NEWS,SAFETY_MARGIN,AVERAGE_DEMAND,4.1,98.0,93.9,2290.2,3000.0,7500.0,4500.0,150.0,50000.0,0.0,-50000.0,-100.0,62600.6,934.4,-61666.2,-98.5,100.0,0.18,-99.82,-99.8,648356.5,0.0,-648356.5,-100.0,6,15,9,150.0,2,4,2
DISASTER_BREAKING_NEWS,DYNAMIC_SCALING,AVERAGE_DEMAND,4.1,100.0,95.9,2339.0,3000.0,7500.0,4500.0,150.0,50000.0,0.0,-50000.0,-100.0,62600.6,451.7,-62148.9,-99.3,100.0,0.18,-99.82,-99.8,648356.5,0.0,-648356.5,-100.0,6,15,9,150.0,2,3,1
DISASTER_BREAKING_NEWS,DISASTER_AWARE,AVERAGE_DEMAND,4.1,100.0,95.9,2339.0,3000.0,9000.0,6000.0,200.0,50000.0,0.0,-50000.0,-100.0,62600.6,167.4,-62433.2,-99.7,100.0,0.18,-99.82,-99.8,648356.5,0.0,-648356.5,-100.0,6,18,12,200.0,2,0,-2
DISASTER_SEASONAL,PEAK_DEMAND,AVERAGE_DEMAND,6.2,94.8,88.6,1429.0,3000.0,6000.0,3000.0,100.0,50000.0,0.0,-50000.0,-100.0,62629.9,1618.0,-61011.9,-97.4,100.0,1.01,-98.99,-99.0,1392925.0,0.0,-1392925.0,-100.0,6,12,6,100.0,2,5,3
DISASTER_SEASONAL,SAFETY_MARGIN,AVERAGE_DEMAND,6.2,100.0,93.8,1512.9,3000.0,7000.0,4000.0,133.3,50000.0,0.0,-50000.0,-100.0,62629.9,382.9,-62247.0,-99.4,100.0,0.19,-99.81,-99.8,1392925.0,0.0,-1392925.0,-100.0,6,14,8,133.3,2,6,4
DISASTER_SEASONAL,DYNAMIC_SCALING,AVERAGE_DEMAND,6.2,100.0,93.8,1512.9,3000.0,8000.0,5000.0,166.7,50000.0,0.0,-50000.0,-100.0,62629.9,348.8,-62281.1,-99.4,100.0,0.18,-99.82,-99.8,1392925.0,0.0,-1392925.0,-100.0,6,16,10,166.7,2,5,3
DISASTER_SEASONAL,DISASTER_AWARE,AVERAGE_DEMAND,6.2,100.0,93.8,1512.9,3000.0,9000.0,6000.0,200.0,50000.0,0.0,-50000.0,-100.0,62629.9,160.3,-62469.6,-99.7,100.0,0.18,-99.82,-99.8,1392925.0,0.0,-1392925.0,-100.0,6,18,12,200.0,2,0,-2
