Category,Metric,Value
TRAFFIC,average_rpm,953.1
TRAFFIC,median_rpm,456.9
TRAFFIC,maximum_rpm,43441.6
TRAFFIC,p95_rpm,2548.8
TRAFFIC,p99_rpm,18479.7
TRAFFIC,peak_to_average_ratio,45.58
CAPACITY,average_instances,10.8
CAPACITY,maximum_instances,50.0
CAPACITY,maximum_capacity_rpm,25000.0
CAPACITY,average_utilisation_pct,10.3
CAPACITY,maximum_utilisation_pct,100.0
QUEUE,average_queue_depth,1329877.4
QUEUE,maximum_queue_depth,5453350.1
QUEUE,p95_queue_depth,5304670.1
PERFORMANCE,average_latency_ms,62.0
PERFORMANCE,maximum_latency_ms,4863.3
PERFORMANCE,p95_latency_ms,95.5
PERFORMANCE,p99_latency_ms,8717.0
ERRORS,average_error_rate_pct,0.248
ERRORS,maximum_error_rate_pct,50.0
ERRORS,p95_error_rate_pct,0.173
SCALING,scale_out_events,27.0
SCALING,scale_in_events,12.0
SCALING,total_scaling_actions,39.0
SCALING,average_scaling_delay_seconds,3276.9
SLA,total_records,3882.0
SLA,sla_compliant_records,3828.0
SLA,sla_violation_records,54.0
SLA,sla_compliance_pct,98.61
SCENARIO_EXTREME_DISASTER,record_count,128.0
SCENARIO_EXTREME_DISASTER,average_traffic_rpm,12253.6
SCENARIO_EXTREME_DISASTER,peak_traffic_rpm,43441.6
SCENARIO_EXTREME_DISASTER,average_queue,2416036.2
SCENARIO_EXTREME_DISASTER,maximum_queue,5453350.1
SCENARIO_EXTREME_DISASTER,maximum_p95_latency_ms,11311.9
SCENARIO_EXTREME_DISASTER,maximum_error_rate_pct,50.0
SCENARIO_EXTREME_DISASTER,maximum_utilisation_pct,99.8
SCENARIO_EXTREME_DISASTER,scaling_actions,17.0
SCENARIO_EXTREME_DISASTER,sla_compliance_pct,68.75
SCENARIO_DISASTER,record_count,184.0
SCENARIO_DISASTER,average_traffic_rpm,3647.2
SCENARIO_DISASTER,peak_traffic_rpm,13500.2
SCENARIO_DISASTER,average_queue,932076.5
SCENARIO_DISASTER,maximum_queue,1775309.8
SCENARIO_DISASTER,maximum_p95_latency_ms,6386.9
SCENARIO_DISASTER,maximum_error_rate_pct,8.92
SCENARIO_DISASTER,maximum_utilisation_pct,99.8
SCENARIO_DISASTER,scaling_actions,22.0
SCENARIO_DISASTER,sla_compliance_pct,92.39
SCENARIO_BREAKING_NEWS,record_count,31.0
SCENARIO_BREAKING_NEWS,average_traffic_rpm,637.4
SCENARIO_BREAKING_NEWS,peak_traffic_rpm,3430.2
SCENARIO_BREAKING_NEWS,average_queue,1498160.7
SCENARIO_BREAKING_NEWS,maximum_queue,5354310.1
SCENARIO_BREAKING_NEWS,maximum_p95_latency_ms,161.3
SCENARIO_BREAKING_NEWS,maximum_error_rate_pct,0.17
SCENARIO_BREAKING_NEWS,maximum_utilisation_pct,59.8
SCENARIO_BREAKING_NEWS,scaling_actions,0.0
SCENARIO_BREAKING_NEWS,sla_compliance_pct,100.0
SCENARIO_SEASONAL,record_count,168.0
SCENARIO_SEASONAL,average_traffic_rpm,551.1
SCENARIO_SEASONAL,peak_traffic_rpm,1502.1
SCENARIO_SEASONAL,average_queue,713695.8
SCENARIO_SEASONAL,maximum_queue,1718794.0
SCENARIO_SEASONAL,maximum_p95_latency_ms,97.9
SCENARIO_SEASONAL,maximum_error_rate_pct,0.19
SCENARIO_SEASONAL,maximum_utilisation_pct,25.0
SCENARIO_SEASONAL,scaling_actions,0.0
SCENARIO_SEASONAL,sla_compliance_pct,100.0
SCENARIO_NORMAL,record_count,3371.0
SCENARIO_NORMAL,average_traffic_rpm,399.8
SCENARIO_NORMAL,peak_traffic_rpm,920.0
SCENARIO_NORMAL,average_queue,1339509.2
SCENARIO_NORMAL,maximum_queue,5439110.1
SCENARIO_NORMAL,maximum_p95_latency_ms,107.2
SCENARIO_NORMAL,maximum_error_rate_pct,0.27
SCENARIO_NORMAL,maximum_utilisation_pct,100.0
SCENARIO_NORMAL,scaling_actions,0.0
SCENARIO_NORMAL,sla_compliance_pct,100.0
