scenario,strategy,recommendation_type,evidence_metric,metric_value,threshold,severity,recommendation,reason,situation,evidence,impact
NORMAL,AVERAGE_DEMAND,SLA_COMPLIANT,sla_compliance_pct,100.0,99.0,success,Maintain the current baseline of 10 initial and 50 maximum instances. No operational intervention required.,The system maintains sufficient elasticity to absorb the simulated surge without over-spending on excess idle infrastructure.,The current infrastructure configuration handled the simulated emergency workload smoothly.,"Peak demand was 967 requests/minute. Active servers peaked at 4 instances (2,000 RPM capacity). Measured SLA compliance was 100.0% (target: 99.0%), p95 latency was 100 ms, and 0 requests were lost.",Citizens received real-time emergency information quickly and reliably without service interruptions.
NORMAL,PEAK_DEMAND,SLA_COMPLIANT,sla_compliance_pct,100.0,99.0,success,Maintain the current baseline of 10 initial and 50 maximum instances. No operational intervention required.,The system maintains sufficient elasticity to absorb the simulated surge without over-spending on excess idle infrastructure.,The current infrastructure configuration handled the simulated emergency workload smoothly.,"Peak demand was 967 requests/minute. Active servers peaked at 4 instances (2,000 RPM capacity). Measured SLA compliance was 100.0% (target: 99.0%), p95 latency was 100 ms, and 0 requests were lost.",Citizens received real-time emergency information quickly and reliably without service interruptions.
NORMAL,SAFETY_MARGIN,SLA_COMPLIANT,sla_compliance_pct,100.0,99.0,success,Maintain the current baseline of 10 initial and 50 maximum instances. No operational intervention required.,The system maintains sufficient elasticity to absorb the simulated surge without over-spending on excess idle infrastructure.,The current infrastructure configuration handled the simulated emergency workload smoothly.,"Peak demand was 967 requests/minute. Active servers peaked at 6 instances (3,000 RPM capacity). Measured SLA compliance was 100.0% (target: 99.0%), p95 latency was 87 ms, and 0 requests were lost.",Citizens received real-time emergency information quickly and reliably without service interruptions.
NORMAL,DYNAMIC_SCALING,SLA_COMPLIANT,sla_compliance_pct,100.0,99.0,success,Maintain the current baseline of 10 initial and 50 maximum instances. No operational intervention required.,The system maintains sufficient elasticity to absorb the simulated surge without over-spending on excess idle infrastructure.,The current infrastructure configuration handled the simulated emergency workload smoothly.,"Peak demand was 967 requests/minute. Active servers peaked at 10 instances (5,000 RPM capacity). Measured SLA compliance was 100.0% (target: 99.0%), p95 latency was 79 ms, and 0 requests were lost.",Citizens received real-time emergency information quickly and reliably without service interruptions.
NORMAL,DISASTER_AWARE,SLA_COMPLIANT,sla_compliance_pct,100.0,99.0,success,Maintain the current baseline of 10 initial and 50 maximum instances. No operational intervention required.,The system maintains sufficient elasticity to absorb the simulated surge without over-spending on excess idle infrastructure.,The current infrastructure configuration handled the simulated emergency workload smoothly.,"Peak demand was 967 requests/minute. Active servers peaked at 10 instances (5,000 RPM capacity). Measured SLA compliance was 100.0% (target: 99.0%), p95 latency was 79 ms, and 0 requests were lost.",Citizens received real-time emergency information quickly and reliably without service interruptions.
SEASONAL_PEAK,AVERAGE_DEMAND,SLA_COMPLIANT,sla_compliance_pct,100.0,99.0,success,Maintain the current baseline of 10 initial and 50 maximum instances. No operational intervention required.,The system maintains sufficient elasticity to absorb the simulated surge without over-spending on excess idle infrastructure.,The current infrastructure configuration handled the simulated emergency workload smoothly.,"Peak demand was 1,737 requests/minute. Active servers peaked at 6 instances (3,000 RPM capacity). Measured SLA compliance was 100.0% (target: 99.0%), p95 latency was 402 ms, and 0 requests were lost.",Citizens received real-time emergency information quickly and reliably without service interruptions.
SEASONAL_PEAK,PEAK_DEMAND,SLA_COMPLIANT,sla_compliance_pct,100.0,99.0,success,Maintain the current baseline of 10 initial and 50 maximum instances. No operational intervention required.,The system maintains sufficient elasticity to absorb the simulated surge without over-spending on excess idle infrastructure.,The current infrastructure configuration handled the simulated emergency workload smoothly.,"Peak demand was 1,737 requests/minute. Active servers peaked at 4 instances (2,000 RPM capacity). Measured SLA compliance was 100.0% (target: 99.0%), p95 latency was 402 ms, and 0 requests were lost.",Citizens received real-time emergency information quickly and reliably without service interruptions.
SEASONAL_PEAK,SAFETY_MARGIN,SLA_COMPLIANT,sla_compliance_pct,100.0,99.0,success,Maintain the current baseline of 10 initial and 50 maximum instances. No operational intervention required.,The system maintains sufficient elasticity to absorb the simulated surge without over-spending on excess idle infrastructure.,The current infrastructure configuration handled the simulated emergency workload smoothly.,"Peak demand was 1,737 requests/minute. Active servers peaked at 6 instances (3,000 RPM capacity). Measured SLA compliance was 100.0% (target: 99.0%), p95 latency was 135 ms, and 0 requests were lost.",Citizens received real-time emergency information quickly and reliably without service interruptions.
SEASONAL_PEAK,DYNAMIC_SCALING,SLA_COMPLIANT,sla_compliance_pct,100.0,99.0,success,Maintain the current baseline of 10 initial and 50 maximum instances. No operational intervention required.,The system maintains sufficient elasticity to absorb the simulated surge without over-spending on excess idle infrastructure.,The current infrastructure configuration handled the simulated emergency workload smoothly.,"Peak demand was 1,737 requests/minute. Active servers peaked at 10 instances (5,000 RPM capacity). Measured SLA compliance was 100.0% (target: 99.0%), p95 latency was 92 ms, and 0 requests were lost.",Citizens received real-time emergency information quickly and reliably without service interruptions.
SEASONAL_PEAK,DISASTER_AWARE,SLA_COMPLIANT,sla_compliance_pct,100.0,99.0,success,Maintain the current baseline of 10 initial and 50 maximum instances. No operational intervention required.,The system maintains sufficient elasticity to absorb the simulated surge without over-spending on excess idle infrastructure.,The current infrastructure configuration handled the simulated emergency workload smoothly.,"Peak demand was 1,737 requests/minute. Active servers peaked at 10 instances (5,000 RPM capacity). Measured SLA compliance was 100.0% (target: 99.0%), p95 latency was 92 ms, and 0 requests were lost.",Citizens received real-time emergency information quickly and reliably without service interruptions.
BREAKING_NEWS,AVERAGE_DEMAND,SLA_COMPLIANT,sla_compliance_pct,100.0,99.0,success,Maintain the current baseline of 10 initial and 50 maximum instances. No operational intervention required.,The system maintains sufficient elasticity to absorb the simulated surge without over-spending on excess idle infrastructure.,The current infrastructure configuration handled the simulated emergency workload smoothly.,"Peak demand was 2,083 requests/minute. Active servers peaked at 6 instances (3,000 RPM capacity). Measured SLA compliance was 100.0% (target: 99.0%), p95 latency was 239 ms, and 0 requests were lost.",Citizens received real-time emergency information quickly and reliably without service interruptions.
BREAKING_NEWS,PEAK_DEMAND,SLA_COMPLIANT,sla_compliance_pct,100.0,99.0,success,Maintain the current baseline of 10 initial and 50 maximum instances. No operational intervention required.,The system maintains sufficient elasticity to absorb the simulated surge without over-spending on excess idle infrastructure.,The current infrastructure configuration handled the simulated emergency workload smoothly.,"Peak demand was 2,083 requests/minute. Active servers peaked at 5 instances (2,500 RPM capacity). Measured SLA compliance was 100.0% (target: 99.0%), p95 latency was 279 ms, and 0 requests were lost.",Citizens received real-time emergency information quickly and reliably without service interruptions.
BREAKING_NEWS,SAFETY_MARGIN,SLA_COMPLIANT,sla_compliance_pct,100.0,99.0,success,Maintain the current baseline of 10 initial and 50 maximum instances. No operational intervention required.,The system maintains sufficient elasticity to absorb the simulated surge without over-spending on excess idle infrastructure.,The current infrastructure configuration handled the simulated emergency workload smoothly.,"Peak demand was 2,083 requests/minute. Active servers peaked at 6 instances (3,000 RPM capacity). Measured SLA compliance was 100.0% (target: 99.0%), p95 latency was 170 ms, and 0 requests were lost.",Citizens received real-time emergency information quickly and reliably without service interruptions.
BREAKING_NEWS,DYNAMIC_SCALING,SLA_COMPLIANT,sla_compliance_pct,100.0,99.0,success,Maintain the current baseline of 10 initial and 50 maximum instances. No operational intervention required.,The system maintains sufficient elasticity to absorb the simulated surge without over-spending on excess idle infrastructure.,The current infrastructure configuration handled the simulated emergency workload smoothly.,"Peak demand was 2,083 requests/minute. Active servers peaked at 10 instances (5,000 RPM capacity). Measured SLA compliance was 100.0% (target: 99.0%), p95 latency was 99 ms, and 0 requests were lost.",Citizens received real-time emergency information quickly and reliably without service interruptions.
BREAKING_NEWS,DISASTER_AWARE,SLA_COMPLIANT,sla_compliance_pct,100.0,99.0,success,Maintain the current baseline of 10 initial and 50 maximum instances. No operational intervention required.,The system maintains sufficient elasticity to absorb the simulated surge without over-spending on excess idle infrastructure.,The current infrastructure configuration handled the simulated emergency workload smoothly.,"Peak demand was 2,083 requests/minute. Active servers peaked at 18 instances (9,000 RPM capacity). Measured SLA compliance was 100.0% (target: 99.0%), p95 latency was 83 ms, and 0 requests were lost.",Citizens received real-time emergency information quickly and reliably without service interruptions.
DISASTER_PEAK,AVERAGE_DEMAND,HIGH_ERROR_RATE,max_error_rate_pct,63.36,1.0,danger,"Increase base capacity, enable static page caching at the CDN layer, and raise backend queue timeout limits.",Caching and additional server headroom absorb sudden connection bursts and prevent backend worker processes from failing.,A notable portion of public users are receiving server error pages or dropped connections.,"The measured peak error rate reached 63.36%, surpassing the acceptable SLA limit of 1.00%.","Frustrated visitors repeatedly refresh their browsers during an emergency, compounding traffic stress on backend servers."
DISASTER_PEAK,PEAK_DEMAND,HIGH_LATENCY,max_p95_latency_ms,582.8,500.0,warning,Pre-warm 2 additional servers before the peak window or lower the autoscaling scale-out threshold.,Having servers ready in advance eliminates request wait times in internal queues and keeps response times below 500 ms.,Website response times are unacceptably slow for visitors seeking real-time information.,"The 95th percentile response time reached 583 ms, exceeding the statutory target of 500 ms.","Critical evacuation maps, road closures, and shelter directions take several seconds to load on mobile devices."
DISASTER_PEAK,SAFETY_MARGIN,SLA_COMPLIANT,sla_compliance_pct,100.0,99.0,success,Maintain the current baseline of 10 initial and 50 maximum instances. No operational intervention required.,The system maintains sufficient elasticity to absorb the simulated surge without over-spending on excess idle infrastructure.,The current infrastructure configuration handled the simulated emergency workload smoothly.,"Peak demand was 5,016 requests/minute. Active servers peaked at 13 instances (6,500 RPM capacity). Measured SLA compliance was 100.0% (target: 99.0%), p95 latency was 343 ms, and 0 requests were lost.",Citizens received real-time emergency information quickly and reliably without service interruptions.
DISASTER_PEAK,DYNAMIC_SCALING,SLA_COMPLIANT,sla_compliance_pct,100.0,99.0,success,Maintain the current baseline of 10 initial and 50 maximum instances. No operational intervention required.,The system maintains sufficient elasticity to absorb the simulated surge without over-spending on excess idle infrastructure.,The current infrastructure configuration handled the simulated emergency workload smoothly.,"Peak demand was 5,016 requests/minute. Active servers peaked at 14 instances (7,000 RPM capacity). Measured SLA compliance was 100.0% (target: 99.0%), p95 latency was 343 ms, and 0 requests were lost.",Citizens received real-time emergency information quickly and reliably without service interruptions.
DISASTER_PEAK,DISASTER_AWARE,SLA_COMPLIANT,sla_compliance_pct,100.0,99.0,success,Maintain the current baseline of 10 initial and 50 maximum instances. No operational intervention required.,The system maintains sufficient elasticity to absorb the simulated surge without over-spending on excess idle infrastructure.,The current infrastructure configuration handled the simulated emergency workload smoothly.,"Peak demand was 5,016 requests/minute. Active servers peaked at 18 instances (9,000 RPM capacity). Measured SLA compliance was 100.0% (target: 99.0%), p95 latency was 120 ms, and 0 requests were lost.",Citizens received real-time emergency information quickly and reliably without service interruptions.
EXTREME_DISASTER,AVERAGE_DEMAND,HIGH_ERROR_RATE,max_error_rate_pct,100.0,1.0,danger,"Increase base capacity, enable static page caching at the CDN layer, and raise backend queue timeout limits.",Caching and additional server headroom absorb sudden connection bursts and prevent backend worker processes from failing.,A notable portion of public users are receiving server error pages or dropped connections.,"The measured peak error rate reached 100.00%, surpassing the acceptable SLA limit of 1.00%.","Frustrated visitors repeatedly refresh their browsers during an emergency, compounding traffic stress on backend servers."
EXTREME_DISASTER,PEAK_DEMAND,HIGH_ERROR_RATE,max_error_rate_pct,1.1,1.0,danger,"Increase base capacity, enable static page caching at the CDN layer, and raise backend queue timeout limits.",Caching and additional server headroom absorb sudden connection bursts and prevent backend worker processes from failing.,A notable portion of public users are receiving server error pages or dropped connections.,"The measured peak error rate reached 1.10%, surpassing the acceptable SLA limit of 1.00%.","Frustrated visitors repeatedly refresh their browsers during an emergency, compounding traffic stress on backend servers."
EXTREME_DISASTER,SAFETY_MARGIN,HIGH_LATENCY,max_p95_latency_ms,5572.2,500.0,danger,Pre-warm 11 additional servers before the peak window or lower the autoscaling scale-out threshold.,Having servers ready in advance eliminates request wait times in internal queues and keeps response times below 500 ms.,Website response times are unacceptably slow for visitors seeking real-time information.,"The 95th percentile response time reached 5,572 ms, exceeding the statutory target of 500 ms.","Critical evacuation maps, road closures, and shelter directions take several seconds to load on mobile devices."
EXTREME_DISASTER,DYNAMIC_SCALING,HIGH_LATENCY,max_p95_latency_ms,5572.2,500.0,danger,Pre-warm 12 additional servers before the peak window or lower the autoscaling scale-out threshold.,Having servers ready in advance eliminates request wait times in internal queues and keeps response times below 500 ms.,Website response times are unacceptably slow for visitors seeking real-time information.,"The 95th percentile response time reached 5,572 ms, exceeding the statutory target of 500 ms.","Critical evacuation maps, road closures, and shelter directions take several seconds to load on mobile devices."
EXTREME_DISASTER,DISASTER_AWARE,SLA_COMPLIANT,sla_compliance_pct,100.0,99.0,success,Maintain the current baseline of 10 initial and 50 maximum instances. No operational intervention required.,The system maintains sufficient elasticity to absorb the simulated surge without over-spending on excess idle infrastructure.,The current infrastructure configuration handled the simulated emergency workload smoothly.,"Peak demand was 8,464 requests/minute. Active servers peaked at 26 instances (13,000 RPM capacity). Measured SLA compliance was 100.0% (target: 99.0%), p95 latency was 187 ms, and 0 requests were lost.",Citizens received real-time emergency information quickly and reliably without service interruptions.
DISASTER_BREAKING_NEWS,AVERAGE_DEMAND,HIGH_ERROR_RATE,max_error_rate_pct,100.0,1.0,danger,"Increase base capacity, enable static page caching at the CDN layer, and raise backend queue timeout limits.",Caching and additional server headroom absorb sudden connection bursts and prevent backend worker processes from failing.,A notable portion of public users are receiving server error pages or dropped connections.,"The measured peak error rate reached 100.00%, surpassing the acceptable SLA limit of 1.00%.","Frustrated visitors repeatedly refresh their browsers during an emergency, compounding traffic stress on backend servers."
DISASTER_BREAKING_NEWS,PEAK_DEMAND,HIGH_ERROR_RATE,max_error_rate_pct,1.42,1.0,danger,"Increase base capacity, enable static page caching at the CDN layer, and raise backend queue timeout limits.",Caching and additional server headroom absorb sudden connection bursts and prevent backend worker processes from failing.,A notable portion of public users are receiving server error pages or dropped connections.,"The measured peak error rate reached 1.42%, surpassing the acceptable SLA limit of 1.00%.","Frustrated visitors repeatedly refresh their browsers during an emergency, compounding traffic stress on backend servers."
DISASTER_BREAKING_NEWS,SAFETY_MARGIN,HIGH_LATENCY,max_p95_latency_ms,934.4,500.0,danger,Pre-warm 5 additional servers before the peak window or lower the autoscaling scale-out threshold.,Having servers ready in advance eliminates request wait times in internal queues and keeps response times below 500 ms.,Website response times are unacceptably slow for visitors seeking real-time information.,"The 95th percentile response time reached 934 ms, exceeding the statutory target of 500 ms.","Critical evacuation maps, road closures, and shelter directions take several seconds to load on mobile devices."
DISASTER_BREAKING_NEWS,DYNAMIC_SCALING,SLA_COMPLIANT,sla_compliance_pct,100.0,99.0,success,Maintain the current baseline of 10 initial and 50 maximum instances. No operational intervention required.,The system maintains sufficient elasticity to absorb the simulated surge without over-spending on excess idle infrastructure.,The current infrastructure configuration handled the simulated emergency workload smoothly.,"Peak demand was 6,000 requests/minute. Active servers peaked at 15 instances (7,500 RPM capacity). Measured SLA compliance was 100.0% (target: 99.0%), p95 latency was 452 ms, and 0 requests were lost.",Citizens received real-time emergency information quickly and reliably without service interruptions.
DISASTER_BREAKING_NEWS,DISASTER_AWARE,SLA_COMPLIANT,sla_compliance_pct,100.0,99.0,success,Maintain the current baseline of 10 initial and 50 maximum instances. No operational intervention required.,The system maintains sufficient elasticity to absorb the simulated surge without over-spending on excess idle infrastructure.,The current infrastructure configuration handled the simulated emergency workload smoothly.,"Peak demand was 6,000 requests/minute. Active servers peaked at 18 instances (9,000 RPM capacity). Measured SLA compliance was 100.0% (target: 99.0%), p95 latency was 167 ms, and 0 requests were lost.",Citizens received real-time emergency information quickly and reliably without service interruptions.
DISASTER_SEASONAL,AVERAGE_DEMAND,HIGH_ERROR_RATE,max_error_rate_pct,100.0,1.0,danger,"Increase base capacity, enable static page caching at the CDN layer, and raise backend queue timeout limits.",Caching and additional server headroom absorb sudden connection bursts and prevent backend worker processes from failing.,A notable portion of public users are receiving server error pages or dropped connections.,"The measured peak error rate reached 100.00%, surpassing the acceptable SLA limit of 1.00%.","Frustrated visitors repeatedly refresh their browsers during an emergency, compounding traffic stress on backend servers."
DISASTER_SEASONAL,PEAK_DEMAND,HIGH_ERROR_RATE,max_error_rate_pct,1.01,1.0,danger,"Increase base capacity, enable static page caching at the CDN layer, and raise backend queue timeout limits.",Caching and additional server headroom absorb sudden connection bursts and prevent backend worker processes from failing.,A notable portion of public users are receiving server error pages or dropped connections.,"The measured peak error rate reached 1.01%, surpassing the acceptable SLA limit of 1.00%.","Frustrated visitors repeatedly refresh their browsers during an emergency, compounding traffic stress on backend servers."
DISASTER_SEASONAL,SAFETY_MARGIN,SLA_COMPLIANT,sla_compliance_pct,100.0,99.0,success,Maintain the current baseline of 10 initial and 50 maximum instances. No operational intervention required.,The system maintains sufficient elasticity to absorb the simulated surge without over-spending on excess idle infrastructure.,The current infrastructure configuration handled the simulated emergency workload smoothly.,"Peak demand was 5,830 requests/minute. Active servers peaked at 14 instances (7,000 RPM capacity). Measured SLA compliance was 100.0% (target: 99.0%), p95 latency was 383 ms, and 0 requests were lost.",Citizens received real-time emergency information quickly and reliably without service interruptions.
DISASTER_SEASONAL,DYNAMIC_SCALING,SLA_COMPLIANT,sla_compliance_pct,100.0,99.0,success,Maintain the current baseline of 10 initial and 50 maximum instances. No operational intervention required.,The system maintains sufficient elasticity to absorb the simulated surge without over-spending on excess idle infrastructure.,The current infrastructure configuration handled the simulated emergency workload smoothly.,"Peak demand was 5,830 requests/minute. Active servers peaked at 16 instances (8,000 RPM capacity). Measured SLA compliance was 100.0% (target: 99.0%), p95 latency was 349 ms, and 0 requests were lost.",Citizens received real-time emergency information quickly and reliably without service interruptions.
DISASTER_SEASONAL,DISASTER_AWARE,SLA_COMPLIANT,sla_compliance_pct,100.0,99.0,success,Maintain the current baseline of 10 initial and 50 maximum instances. No operational intervention required.,The system maintains sufficient elasticity to absorb the simulated surge without over-spending on excess idle infrastructure.,The current infrastructure configuration handled the simulated emergency workload smoothly.,"Peak demand was 5,830 requests/minute. Active servers peaked at 18 instances (9,000 RPM capacity). Measured SLA compliance was 100.0% (target: 99.0%), p95 latency was 160 ms, and 0 requests were lost.",Citizens received real-time emergency information quickly and reliably without service interruptions.
