assumption_name,parameter,test_label,test_value,unit,peak_queue_depth,max_p95_latency_ms,max_error_rate_pct,sla_compliance_pct,sla_compliant,peak_instances,total_unmet_requests,total_scaling_actions
Traffic Multiplier,traffic_multiplier,lower,0.7,x,0.0,164.7,0.184,100.0,True,10,0.0,0
Traffic Multiplier,traffic_multiplier,baseline,1.0,x,0.0,343.4,0.184,100.0,True,14,0.0,4
Traffic Multiplier,traffic_multiplier,upper,1.5,x,0.0,298.3,0.184,100.0,True,20,0.0,10
Scaling Delay,scaling_delay_seconds,lower,60.0,seconds,0.0,343.4,0.184,100.0,True,14,0.0,4
Scaling Delay,scaling_delay_seconds,baseline,180.0,seconds,0.0,343.4,0.184,100.0,True,14,0.0,4
Scaling Delay,scaling_delay_seconds,upper,300.0,seconds,0.0,343.4,0.184,100.0,True,14,0.0,4
Capacity per Instance,capacity_per_instance,lower,300.0,RPM,0.0,447.0,0.184,100.0,True,22,0.0,10
Capacity per Instance,capacity_per_instance,baseline,500.0,RPM,0.0,343.4,0.184,100.0,True,14,0.0,4
Capacity per Instance,capacity_per_instance,upper,800.0,RPM,0.0,131.4,0.184,100.0,True,10,0.0,0
Maximum Available Instances,max_instances,lower,20.0,instances,0.0,343.4,0.184,100.0,True,14,0.0,4
Maximum Available Instances,max_instances,baseline,50.0,instances,0.0,343.4,0.184,100.0,True,14,0.0,4
Maximum Available Instances,max_instances,upper,80.0,instances,0.0,343.4,0.184,100.0,True,14,0.0,4
SLA Latency Target,sla_latency_target_ms,lower,300.0,ms,0.0,343.4,0.184,98.97,True,14,0.0,4
SLA Latency Target,sla_latency_target_ms,baseline,500.0,ms,0.0,343.4,0.184,100.0,True,14,0.0,4
SLA Latency Target,sla_latency_target_ms,upper,1000.0,ms,0.0,343.4,0.184,100.0,True,14,0.0,4
Safety Margin (Extra Base Instances),safety_margin_instances,lower,0.0,instances,0.0,343.4,0.184,100.0,True,14,0.0,4
Safety Margin (Extra Base Instances),safety_margin_instances,baseline,0.0,instances,0.0,343.4,0.184,100.0,True,14,0.0,4
Safety Margin (Extra Base Instances),safety_margin_instances,upper,10.0,instances,0.0,112.4,0.184,100.0,True,20,0.0,0
Initial Instance Count,initial_instances,lower,5.0,instances,0.0,342.5,0.184,100.0,True,13,0.0,8
Initial Instance Count,initial_instances,baseline,10.0,instances,0.0,343.4,0.184,100.0,True,14,0.0,4
Initial Instance Count,initial_instances,upper,20.0,instances,0.0,112.4,0.184,100.0,True,20,0.0,0
