scenario,strategy,peak_demand,peak_capacity,peak_instances,max_utilisation,max_queue,max_p95_latency,max_error_rate,unmet_requests,scaling_actions,recovery_time,sla_compliance,sla_violation_duration
NORMAL,AVERAGE_DEMAND,967.3,2000.0,4,38.6,0.0,100.0,0.14,0.0,0,0.0,100.0,0.0
NORMAL,PEAK_DEMAND,967.3,2000.0,4,38.6,0.0,100.0,0.14,0.0,0,0.0,100.0,0.0
NORMAL,SAFETY_MARGIN,967.3,3000.0,6,26.2,0.0,87.0,0.14,0.0,0,0.0,100.0,0.0
NORMAL,DYNAMIC_SCALING,967.3,5000.0,10,16.2,0.0,79.3,0.14,0.0,0,0.0,100.0,0.0
NORMAL,DISASTER_AWARE,967.3,5000.0,10,16.2,0.0,79.3,0.14,0.0,0,0.0,100.0,0.0
SEASONAL_PEAK,AVERAGE_DEMAND,1737.3,3000.0,6,76.4,0.0,401.6,0.19,0.0,4,0.0,100.0,0.0
SEASONAL_PEAK,PEAK_DEMAND,1737.3,2000.0,4,77.9,0.0,401.6,0.19,0.0,0,0.0,100.0,0.0
SEASONAL_PEAK,SAFETY_MARGIN,1737.3,3000.0,6,48.2,0.0,135.3,0.18,0.0,0,0.0,100.0,0.0
SEASONAL_PEAK,DYNAMIC_SCALING,1737.3,5000.0,10,30.4,0.0,91.7,0.18,0.0,0,0.0,100.0,0.0
SEASONAL_PEAK,DISASTER_AWARE,1737.3,5000.0,10,30.4,0.0,91.7,0.18,0.0,0,0.0,100.0,0.0
BREAKING_NEWS,AVERAGE_DEMAND,2083.1,3000.0,6,70.7,0.0,239.3,0.18,0.0,2,0.0,100.0,0.0
BREAKING_NEWS,PEAK_DEMAND,2083.1,2500.0,5,74.2,0.0,279.3,0.18,0.0,2,0.0,100.0,0.0
BREAKING_NEWS,SAFETY_MARGIN,2083.1,3000.0,6,56.5,0.0,170.0,0.18,0.0,0,0.0,100.0,0.0
BREAKING_NEWS,DYNAMIC_SCALING,2083.1,5000.0,10,34.3,0.0,99.1,0.18,0.0,0,0.0,100.0,0.0
BREAKING_NEWS,DISASTER_AWARE,2083.1,9000.0,18,19.5,0.0,83.1,0.18,0.0,0,0.0,100.0,0.0
DISASTER_PEAK,AVERAGE_DEMAND,5016.2,3000.0,6,99.9,50000.0,62629.9,63.36,342584.5,2,330.0,21.6,1140.0
DISASTER_PEAK,PEAK_DEMAND,5016.2,5500.0,11,84.3,0.0,582.8,0.92,0.0,6,0.0,99.0,15.0
DISASTER_PEAK,SAFETY_MARGIN,5016.2,6500.0,13,74.0,0.0,343.4,0.18,0.0,8,0.0,100.0,0.0
DISASTER_PEAK,DYNAMIC_SCALING,5016.2,7000.0,14,73.2,0.0,343.4,0.18,0.0,4,0.0,100.0,0.0
DISASTER_PEAK,DISASTER_AWARE,5016.2,9000.0,18,45.7,0.0,119.9,0.18,0.0,0,0.0,100.0,0.0
EXTREME_DISASTER,AVERAGE_DEMAND,8464.3,3000.0,6,99.9,50000.0,62912.9,100.0,5521582.0,2,1050.0,17.9,1785.0
EXTREME_DISASTER,PEAK_DEMAND,8464.3,8500.0,17,95.2,1443.0,5693.5,1.1,0.0,7,0.0,82.8,375.0
EXTREME_DISASTER,SAFETY_MARGIN,8464.3,10500.0,21,94.3,2431.5,5572.2,0.63,0.0,9,0.0,99.3,15.0
EXTREME_DISASTER,DYNAMIC_SCALING,8464.3,11000.0,22,94.3,2431.5,5572.2,0.63,0.0,9,0.0,99.3,15.0
EXTREME_DISASTER,DISASTER_AWARE,8464.3,13000.0,26,60.6,0.0,186.6,0.18,0.0,8,0.0,100.0,0.0
DISASTER_BREAKING_NEWS,AVERAGE_DEMAND,5999.7,3000.0,6,99.9,50000.0,62600.6,100.0,648356.5,2,225.0,4.1,705.0
DISASTER_BREAKING_NEWS,PEAK_DEMAND,5999.7,6000.0,12,95.3,4674.0,13471.4,1.42,0.0,3,0.0,91.8,60.0
DISASTER_BREAKING_NEWS,SAFETY_MARGIN,5999.7,7500.0,15,87.8,0.0,934.4,0.18,0.0,4,0.0,98.0,15.0
DISASTER_BREAKING_NEWS,DYNAMIC_SCALING,5999.7,7500.0,15,80.2,0.0,451.7,0.18,0.0,3,0.0,100.0,0.0
DISASTER_BREAKING_NEWS,DISASTER_AWARE,5999.7,9000.0,18,53.1,0.0,167.4,0.18,0.0,0,0.0,100.0,0.0
DISASTER_SEASONAL,AVERAGE_DEMAND,5830.0,3000.0,6,99.9,50000.0,62629.9,100.0,1392925.0,2,405.0,6.2,1365.0
DISASTER_SEASONAL,PEAK_DEMAND,5830.0,6000.0,12,90.5,0.0,1618.0,1.01,0.0,5,0.0,94.8,75.0
DISASTER_SEASONAL,SAFETY_MARGIN,5830.0,7000.0,14,75.4,0.0,382.9,0.19,0.0,6,0.0,100.0,0.0
DISASTER_SEASONAL,DYNAMIC_SCALING,5830.0,8000.0,16,77.5,0.0,348.8,0.18,0.0,5,0.0,100.0,0.0
DISASTER_SEASONAL,DISASTER_AWARE,5830.0,9000.0,18,51.9,0.0,160.3,0.18,0.0,0,0.0,100.0,0.0
